[INFO] Scanning for projects...
[INFO] 
[INFO] ----------------------< com.evaap:evaap-backend >-----------------------
[INFO] Building  0.0.1-SNAPSHOT
[INFO]   from pom.xml
[INFO] --------------------------------[ jar ]---------------------------------
[INFO] 
[INFO] >>> spring-boot:3.5.16:run (default-cli) > test-compile @ evaap-backend >>>
[INFO] 
[INFO] --- resources:3.3.1:resources (default-resources) @ evaap-backend ---
[INFO] Copying 4 resources from src/main/resources to target/classes
[INFO] Copying 0 resource from src/main/resources to target/classes
[INFO] 
[INFO] --- compiler:3.14.1:compile (default-compile) @ evaap-backend ---
[INFO] Nothing to compile - all classes are up to date.
[INFO] 
[INFO] --- resources:3.3.1:testResources (default-testResources) @ evaap-backend ---
[INFO] skip non existing resourceDirectory /Users/nidhisshetty/Desktop/evaap-project/backend/src/test/resources
[INFO] 
[INFO] --- compiler:3.14.1:testCompile (default-testCompile) @ evaap-backend ---
[INFO] Nothing to compile - all classes are up to date.
[INFO] 
[INFO] <<< spring-boot:3.5.16:run (default-cli) < test-compile @ evaap-backend <<<
[INFO] 
[INFO] 
[INFO] --- spring-boot:3.5.16:run (default-cli) @ evaap-backend ---
[INFO] Attaching agents: []

  .   ____          _            __ _ _
 /\\ / ___'_ __ _ _(_)_ __  __ _ \ \ \ \
( ( )\___ | '_ | '_| | '_ \/ _` | \ \ \ \
 \\/  ___)| |_)| | | | | || (_| |  ) ) ) )
  '  |____| .__|_| |_|_| |_\__, | / / / /
 =========|_|==============|___/=/_/_/_/

 :: Spring Boot ::               (v3.5.16)

2026-07-22T21:17:30.624+05:30  INFO 31871 --- [evaap-backend] [  restartedMain] com.evaap.EvaapBackendApplication        : Starting EvaapBackendApplication using Java 21.0.2 with PID 31871 (/Users/nidhisshetty/Desktop/evaap-project/backend/target/classes started by nidhisshetty in /Users/nidhisshetty/Desktop/evaap-project/backend)
2026-07-22T21:17:30.626+05:30  INFO 31871 --- [evaap-backend] [  restartedMain] com.evaap.EvaapBackendApplication        : The following 1 profile is active: "dev"
2026-07-22T21:17:30.659+05:30  INFO 31871 --- [evaap-backend] [  restartedMain] .e.DevToolsPropertyDefaultsPostProcessor : Devtools property defaults active! Set 'spring.devtools.add-properties' to 'false' to disable
2026-07-22T21:17:30.659+05:30  INFO 31871 --- [evaap-backend] [  restartedMain] .e.DevToolsPropertyDefaultsPostProcessor : For additional web related logging consider setting the 'logging.level.web' property to 'DEBUG'
2026-07-22T21:17:31.176+05:30  INFO 31871 --- [evaap-backend] [  restartedMain] .s.d.r.c.RepositoryConfigurationDelegate : Bootstrapping Spring Data JPA repositories in DEFAULT mode.
2026-07-22T21:17:31.219+05:30  INFO 31871 --- [evaap-backend] [  restartedMain] .s.d.r.c.RepositoryConfigurationDelegate : Finished Spring Data repository scanning in 36 ms. Found 6 JPA repository interfaces.
2026-07-22T21:17:31.594+05:30  INFO 31871 --- [evaap-backend] [  restartedMain] o.s.b.w.embedded.tomcat.TomcatWebServer  : Tomcat initialized with port 8080 (http)
2026-07-22T21:17:31.605+05:30  INFO 31871 --- [evaap-backend] [  restartedMain] o.apache.catalina.core.StandardService   : Starting service [Tomcat]
2026-07-22T21:17:31.605+05:30  INFO 31871 --- [evaap-backend] [  restartedMain] o.apache.catalina.core.StandardEngine    : Starting Servlet engine: [Apache Tomcat/10.1.55]
2026-07-22T21:17:31.626+05:30  INFO 31871 --- [evaap-backend] [  restartedMain] o.a.c.c.C.[Tomcat].[localhost].[/]       : Initializing Spring embedded WebApplicationContext
2026-07-22T21:17:31.627+05:30  INFO 31871 --- [evaap-backend] [  restartedMain] w.s.c.ServletWebServerApplicationContext : Root WebApplicationContext: initialization completed in 967 ms
2026-07-22T21:17:31.700+05:30  INFO 31871 --- [evaap-backend] [  restartedMain] o.hibernate.jpa.internal.util.LogHelper  : HHH000204: Processing PersistenceUnitInfo [name: default]
2026-07-22T21:17:31.738+05:30  INFO 31871 --- [evaap-backend] [  restartedMain] org.hibernate.Version                    : HHH000412: Hibernate ORM core version 6.6.53.Final
2026-07-22T21:17:31.754+05:30  INFO 31871 --- [evaap-backend] [  restartedMain] o.h.c.internal.RegionFactoryInitiator    : HHH000026: Second-level cache disabled
2026-07-22T21:17:31.877+05:30  INFO 31871 --- [evaap-backend] [  restartedMain] o.s.o.j.p.SpringPersistenceUnitInfo      : No LoadTimeWeaver setup: ignoring JPA class transformer
2026-07-22T21:17:31.894+05:30  INFO 31871 --- [evaap-backend] [  restartedMain] com.zaxxer.hikari.HikariDataSource       : HikariPool-1 - Starting...
2026-07-22T21:17:32.372+05:30  INFO 31871 --- [evaap-backend] [  restartedMain] com.zaxxer.hikari.pool.HikariPool        : HikariPool-1 - Added connection com.mysql.cj.jdbc.ConnectionImpl@2a67376e
2026-07-22T21:17:32.373+05:30  INFO 31871 --- [evaap-backend] [  restartedMain] com.zaxxer.hikari.HikariDataSource       : HikariPool-1 - Start completed.
2026-07-22T21:17:32.420+05:30  INFO 31871 --- [evaap-backend] [  restartedMain] org.hibernate.orm.connections.pooling    : HHH10001005: Database info:
	Database JDBC URL [Connecting through datasource 'HikariDataSource (HikariPool-1)']
	Database driver: undefined/unknown
	Database version: 12.3.2
	Autocommit mode: undefined/unknown
	Isolation level: undefined/unknown
	Minimum pool size: undefined/unknown
	Maximum pool size: undefined/unknown
2026-07-22T21:17:33.001+05:30  INFO 31871 --- [evaap-backend] [  restartedMain] o.h.e.t.j.p.i.JtaPlatformInitiator       : HHH000489: No JTA platform available (set 'hibernate.transaction.jta.platform' to enable JTA platform integration)
Hibernate: 
    create table activity_logs (
        id bigint not null auto_increment,
        activity_type varchar(100),
        created_at datetime(6),
        description TEXT,
        user_id bigint not null,
        primary key (id)
    ) engine=InnoDB
Hibernate: 
    create table admin_whitelist (
        id bigint not null auto_increment,
        created_at datetime(6),
        email varchar(150) not null,
        added_by bigint,
        primary key (id)
    ) engine=InnoDB
Hibernate: 
    create table certificates (
        id bigint not null auto_increment,
        certificate_file_url varchar(500),
        certificate_name varchar(255) not null,
        created_at datetime(6),
        expiry_date date,
        issue_date date,
        issuing_organization varchar(255),
        user_id bigint not null,
        primary key (id)
    ) engine=InnoDB
Hibernate: 
    create table documents (
        id bigint not null auto_increment,
        document_type varchar(100),
        file_name varchar(255),
        file_url varchar(500),
        storage_provider enum ('AWS_S3','LOCAL'),
        uploaded_at datetime(6),
        verification_status enum ('APPROVED','PENDING','REJECTED'),
        user_id bigint not null,
        primary key (id)
    ) engine=InnoDB
Hibernate: 
    create table education (
        id bigint not null auto_increment,
        cgpa decimal(4,2),
        created_at datetime(6),
        currently_studying bit,
        degree_name varchar(150),
        end_year integer,
        institution_name varchar(255) not null,
        qualification varchar(100),
        specialization varchar(150),
        start_year integer,
        user_id bigint not null,
        primary key (id)
    ) engine=InnoDB
Hibernate: 
    create table email_verifications (
        id bigint not null auto_increment,
        created_at datetime(6),
        expires_at datetime(6) not null,
        is_verified bit,
        otp_hash varchar(255),
        verification_token varchar(255),
        user_id bigint not null,
        primary key (id)
    ) engine=InnoDB
Hibernate: 
    create table experience (
        id bigint not null auto_increment,
        company_name varchar(255),
        created_at datetime(6),
        currently_working bit,
        description TEXT,
        employment_type varchar(50),
        end_date date,
        job_title varchar(255),
        start_date date,
        user_id bigint not null,
        primary key (id)
    ) engine=InnoDB
Hibernate: 
    create table login_history (
        id bigint not null auto_increment,
        device_info TEXT,
        ip_address varchar(50),
        login_time datetime(6),
        user_id bigint not null,
        primary key (id)
    ) engine=InnoDB
Hibernate: 
    create table profiles (
        id bigint not null auto_increment,
        address_line_1 varchar(255),
        address_line_2 varchar(255),
        bio TEXT,
        city varchar(100),
        created_at datetime(6),
        date_of_birth date,
        first_name varchar(50) not null,
        last_name varchar(50) not null,
        middle_name varchar(50),
        phone_number varchar(15) not null,
        pincode varchar(15),
        profession varchar(100),
        profile_completion_percentage integer,
        profile_picture varchar(500),
        state varchar(100),
        updated_at datetime(6),
        user_id bigint not null,
        primary key (id)
    ) engine=InnoDB
Hibernate: 
    create table refresh_tokens (
        id bigint not null auto_increment,
        created_at datetime(6),
        expires_at datetime(6) not null,
        revoked bit,
        token_hash varchar(255) not null,
        user_id bigint not null,
        primary key (id)
    ) engine=InnoDB
Hibernate: 
    create table roles (
        id bigint not null auto_increment,
        created_at datetime(6),
        description varchar(255),
        role_name varchar(30) not null,
        primary key (id)
    ) engine=InnoDB
Hibernate: 
    create table user_role_history (
        id bigint not null auto_increment,
        changed_at datetime(6),
        changed_by bigint not null,
        new_role_id bigint not null,
        old_role_id bigint,
        user_id bigint not null,
        primary key (id)
    ) engine=InnoDB
Hibernate: 
    create table users (
        id bigint not null auto_increment,
        account_status enum ('ACTIVE','DEACTIVATED','PENDING','SUSPENDED'),
        created_at datetime(6),
        deleted_at datetime(6),
        email varchar(150) not null,
        email_verified_at datetime(6),
        is_active bit,
        last_login_at datetime(6),
        password_hash varchar(255) not null,
        password_updated_at datetime(6),
        public_id CHAR(36) not null,
        updated_at datetime(6),
        created_by bigint,
        role_id bigint not null,
        primary key (id)
    ) engine=InnoDB
Hibernate: 
    create table verification_requests (
        id bigint not null auto_increment,
        remarks TEXT,
        reviewed_at datetime(6),
        status enum ('APPROVED','PENDING','REJECTED','UNDER_REVIEW'),
        submitted_at datetime(6),
        reviewed_by bigint,
        user_id bigint not null,
        primary key (id)
    ) engine=InnoDB
Hibernate: 
    alter table admin_whitelist 
       drop index UKlqtgtc3x63olsqyok01e7vitt
Hibernate: 
    alter table admin_whitelist 
       add constraint UKlqtgtc3x63olsqyok01e7vitt unique (email)
Hibernate: 
    alter table profiles 
       drop index UKbpki6nygo3ndvjpojbam4iamf
Hibernate: 
    alter table profiles 
       add constraint UKbpki6nygo3ndvjpojbam4iamf unique (phone_number)
Hibernate: 
    alter table profiles 
       drop index UK4ixsj6aqve5pxrbw2u0oyk8bb
Hibernate: 
    alter table profiles 
       add constraint UK4ixsj6aqve5pxrbw2u0oyk8bb unique (user_id)
Hibernate: 
    alter table refresh_tokens 
       drop index UKo2mlirhldriil2y7krapq4frt
Hibernate: 
    alter table refresh_tokens 
       add constraint UKo2mlirhldriil2y7krapq4frt unique (token_hash)
Hibernate: 
    alter table roles 
       drop index UK716hgxp60ym1lifrdgp67xt5k
Hibernate: 
    alter table roles 
       add constraint UK716hgxp60ym1lifrdgp67xt5k unique (role_name)
Hibernate: 
    alter table users 
       drop index UK6dotkott2kjsp8vw4d0m25fb7
Hibernate: 
    alter table users 
       add constraint UK6dotkott2kjsp8vw4d0m25fb7 unique (email)
Hibernate: 
    alter table users 
       drop index UKs24bux761rbgowsl7a4b386ba
Hibernate: 
    alter table users 
       add constraint UKs24bux761rbgowsl7a4b386ba unique (public_id)
Hibernate: 
    alter table activity_logs 
       add constraint FK5bm1lt4f4eevt8lv2517soakd 
       foreign key (user_id) 
       references users (id)
Hibernate: 
    alter table admin_whitelist 
       add constraint FKj1u3xdwrnp6ljpyb9sco3lqi3 
       foreign key (added_by) 
       references users (id)
Hibernate: 
    alter table certificates 
       add constraint FKd3f6enpb3p3xovee9klklf05r 
       foreign key (user_id) 
       references users (id)
Hibernate: 
    alter table documents 
       add constraint FKkxttj4tp5le2uth212lu49vny 
       foreign key (user_id) 
       references users (id)
Hibernate: 
    alter table education 
       add constraint FKc8qg4a1sd3texfadb2d7eyhgx 
       foreign key (user_id) 
       references users (id)
Hibernate: 
    alter table email_verifications 
       add constraint FKou1xuy3rdeao75p2x1v4v3xs 
       foreign key (user_id) 
       references users (id)
Hibernate: 
    alter table experience 
       add constraint FKo8gihpwob4qiyigh869833ove 
       foreign key (user_id) 
       references users (id)
Hibernate: 
    alter table login_history 
       add constraint FK20v0mimmdegh2afs39uixlxpm 
       foreign key (user_id) 
       references users (id)
Hibernate: 
    alter table profiles 
       add constraint FK410q61iev7klncmpqfuo85ivh 
       foreign key (user_id) 
       references users (id)
Hibernate: 
    alter table refresh_tokens 
       add constraint FK1lih5y2npsf8u5o3vhdb9y0os 
       foreign key (user_id) 
       references users (id)
Hibernate: 
    alter table user_role_history 
       add constraint FKdgly6e45mi7svq1k2ub14jq0x 
       foreign key (changed_by) 
       references users (id)
Hibernate: 
    alter table user_role_history 
       add constraint FK730h08v48hvbok6c7m6hoy5rm 
       foreign key (new_role_id) 
       references roles (id)
Hibernate: 
    alter table user_role_history 
       add constraint FKnmuw8rb4jf0lpofmbnt330mp2 
       foreign key (old_role_id) 
       references roles (id)
Hibernate: 
    alter table user_role_history 
       add constraint FKlupl99y7ag05cfw51tldhoj72 
       foreign key (user_id) 
       references users (id)
Hibernate: 
    alter table users 
       add constraint FKibk1e3kaxy5sfyeekp8hbhnim 
       foreign key (created_by) 
       references users (id)
Hibernate: 
    alter table users 
       add constraint FKp56c1712k691lhsyewcssf40f 
       foreign key (role_id) 
       references roles (id)
Hibernate: 
    alter table verification_requests 
       add constraint FKabu0ip5qpfdc2puercfiydfmx 
       foreign key (reviewed_by) 
       references users (id)
Hibernate: 
    alter table verification_requests 
       add constraint FK3f265s0u8pn1vxdyx5fp6e34h 
       foreign key (user_id) 
       references users (id)
2026-07-22T21:17:35.118+05:30  INFO 31871 --- [evaap-backend] [  restartedMain] j.LocalContainerEntityManagerFactoryBean : Initialized JPA EntityManagerFactory for persistence unit 'default'
2026-07-22T21:17:35.496+05:30  WARN 31871 --- [evaap-backend] [  restartedMain] JpaBaseConfiguration$JpaWebConfiguration : spring.jpa.open-in-view is enabled by default. Therefore, database queries may be performed during view rendering. Explicitly configure spring.jpa.open-in-view to disable this warning
2026-07-22T21:17:35.607+05:30  INFO 31871 --- [evaap-backend] [  restartedMain] eAuthenticationProviderManagerConfigurer : Global AuthenticationManager configured with AuthenticationProvider bean with name authenticationProvider
2026-07-22T21:17:35.607+05:30  WARN 31871 --- [evaap-backend] [  restartedMain] r$InitializeUserDetailsManagerConfigurer : Global AuthenticationManager configured with an AuthenticationProvider bean. UserDetailsService beans will not be used by Spring Security for automatically configuring username/password login. Consider removing the AuthenticationProvider bean. Alternatively, consider using the UserDetailsService in a manually instantiated DaoAuthenticationProvider. If the current configuration is intentional, to turn off this warning, increase the logging level of 'org.springframework.security.config.annotation.authentication.configuration.InitializeUserDetailsBeanManagerConfigurer' to ERROR
2026-07-22T21:17:35.833+05:30  INFO 31871 --- [evaap-backend] [  restartedMain] o.s.b.d.a.OptionalLiveReloadServer       : LiveReload server is running on port 35729
2026-07-22T21:17:35.848+05:30  INFO 31871 --- [evaap-backend] [  restartedMain] o.s.b.w.embedded.tomcat.TomcatWebServer  : Tomcat started on port 8080 (http) with context path '/'
2026-07-22T21:17:35.853+05:30  INFO 31871 --- [evaap-backend] [  restartedMain] com.evaap.EvaapBackendApplication        : Started EvaapBackendApplication in 5.474 seconds (process running for 5.717)
2026-07-22T21:18:47.354+05:30  INFO 31871 --- [evaap-backend] [   File Watcher] rtingClassPathChangeChangedEventListener : Restarting due to 1 class path change (0 additions, 0 deletions, 1 modification)
2026-07-22T21:18:47.390+05:30  INFO 31871 --- [evaap-backend] [       Thread-5] o.s.b.w.e.tomcat.GracefulShutdown        : Commencing graceful shutdown. Waiting for active requests to complete
2026-07-22T21:18:47.399+05:30  INFO 31871 --- [evaap-backend] [tomcat-shutdown] o.s.b.w.e.tomcat.GracefulShutdown        : Graceful shutdown complete
2026-07-22T21:18:47.407+05:30  INFO 31871 --- [evaap-backend] [       Thread-5] j.LocalContainerEntityManagerFactoryBean : Closing JPA EntityManagerFactory for persistence unit 'default'
2026-07-22T21:18:47.416+05:30  INFO 31871 --- [evaap-backend] [       Thread-5] com.zaxxer.hikari.HikariDataSource       : HikariPool-1 - Shutdown initiated...
2026-07-22T21:18:47.423+05:30  INFO 31871 --- [evaap-backend] [       Thread-5] com.zaxxer.hikari.HikariDataSource       : HikariPool-1 - Shutdown completed.

  .   ____          _            __ _ _
 /\\ / ___'_ __ _ _(_)_ __  __ _ \ \ \ \
( ( )\___ | '_ | '_| | '_ \/ _` | \ \ \ \
 \\/  ___)| |_)| | | | | || (_| |  ) ) ) )
  '  |____| .__|_| |_|_| |_\__, | / / / /
 =========|_|==============|___/=/_/_/_/

 :: Spring Boot ::               (v3.5.16)

2026-07-22T21:18:50.401+05:30  INFO 31871 --- [evaap-backend] [  restartedMain] com.evaap.EvaapBackendApplication        : Starting EvaapBackendApplication using Java 21.0.2 with PID 31871 (/Users/nidhisshetty/Desktop/evaap-project/backend/target/classes started by nidhisshetty in /Users/nidhisshetty/Desktop/evaap-project/backend)
2026-07-22T21:18:50.401+05:30  INFO 31871 --- [evaap-backend] [  restartedMain] com.evaap.EvaapBackendApplication        : The following 1 profile is active: "dev"
2026-07-22T21:20:14.631+05:30  INFO 31871 --- [evaap-backend] [  restartedMain] .s.d.r.c.RepositoryConfigurationDelegate : Bootstrapping Spring Data JPA repositories in DEFAULT mode.
2026-07-22T21:20:15.630+05:30  INFO 31871 --- [evaap-backend] [  restartedMain] .s.d.r.c.RepositoryConfigurationDelegate : Finished Spring Data repository scanning in 997 ms. Found 6 JPA repository interfaces.
2026-07-22T21:20:15.735+05:30  INFO 31871 --- [evaap-backend] [  restartedMain] o.s.b.w.embedded.tomcat.TomcatWebServer  : Tomcat initialized with port 8080 (http)
2026-07-22T21:20:15.738+05:30  INFO 31871 --- [evaap-backend] [  restartedMain] o.apache.catalina.core.StandardService   : Starting service [Tomcat]
2026-07-22T21:20:15.738+05:30  INFO 31871 --- [evaap-backend] [  restartedMain] o.apache.catalina.core.StandardEngine    : Starting Servlet engine: [Apache Tomcat/10.1.55]
2026-07-22T21:20:15.748+05:30  INFO 31871 --- [evaap-backend] [  restartedMain] o.a.c.c.C.[Tomcat].[localhost].[/]       : Initializing Spring embedded WebApplicationContext
2026-07-22T21:20:15.748+05:30  INFO 31871 --- [evaap-backend] [  restartedMain] w.s.c.ServletWebServerApplicationContext : Root WebApplicationContext: initialization completed in 85346 ms
2026-07-22T21:20:15.766+05:30  INFO 31871 --- [evaap-backend] [  restartedMain] o.hibernate.jpa.internal.util.LogHelper  : HHH000204: Processing PersistenceUnitInfo [name: default]
2026-07-22T21:20:15.767+05:30  INFO 31871 --- [evaap-backend] [  restartedMain] o.h.c.internal.RegionFactoryInitiator    : HHH000026: Second-level cache disabled
2026-07-22T21:20:15.772+05:30  INFO 31871 --- [evaap-backend] [  restartedMain] o.s.o.j.p.SpringPersistenceUnitInfo      : No LoadTimeWeaver setup: ignoring JPA class transformer
2026-07-22T21:20:15.773+05:30  INFO 31871 --- [evaap-backend] [  restartedMain] com.zaxxer.hikari.HikariDataSource       : HikariPool-2 - Starting...
2026-07-22T21:20:15.872+05:30  INFO 31871 --- [evaap-backend] [  restartedMain] com.zaxxer.hikari.pool.HikariPool        : HikariPool-2 - Added connection com.mysql.cj.jdbc.ConnectionImpl@317d92b
2026-07-22T21:20:15.872+05:30  INFO 31871 --- [evaap-backend] [  restartedMain] com.zaxxer.hikari.HikariDataSource       : HikariPool-2 - Start completed.
2026-07-22T21:20:15.874+05:30  INFO 31871 --- [evaap-backend] [  restartedMain] org.hibernate.orm.connections.pooling    : HHH10001005: Database info:
	Database JDBC URL [Connecting through datasource 'HikariDataSource (HikariPool-2)']
	Database driver: undefined/unknown
	Database version: 12.3.2
	Autocommit mode: undefined/unknown
	Isolation level: undefined/unknown
	Minimum pool size: undefined/unknown
	Maximum pool size: undefined/unknown
2026-07-22T21:50:46.431+05:30  WARN 31871 --- [evaap-backend] [l-2:housekeeper] com.zaxxer.hikari.pool.HikariPool        : HikariPool-2 - Thread starvation or clock leap detected (housekeeper delta=30m30s349ms).
2026-07-22T22:06:16.351+05:30  WARN 31871 --- [evaap-backend] [l-2:housekeeper] com.zaxxer.hikari.pool.HikariPool        : HikariPool-2 - Thread starvation or clock leap detected (housekeeper delta=15m30s19ms).
2026-07-22T22:21:46.319+05:30  WARN 31871 --- [evaap-backend] [l-2:housekeeper] com.zaxxer.hikari.pool.HikariPool        : HikariPool-2 - Thread starvation or clock leap detected (housekeeper delta=15m29s967ms).
2026-07-22T22:37:16.289+05:30  WARN 31871 --- [evaap-backend] [l-2:housekeeper] com.zaxxer.hikari.pool.HikariPool        : HikariPool-2 - Thread starvation or clock leap detected (housekeeper delta=15m29s971ms).
2026-07-22T22:52:46.252+05:30  WARN 31871 --- [evaap-backend] [l-2:housekeeper] com.zaxxer.hikari.pool.HikariPool        : HikariPool-2 - Thread starvation or clock leap detected (housekeeper delta=15m29s963ms).
2026-07-22T23:08:16.204+05:30  WARN 31871 --- [evaap-backend] [l-2:housekeeper] com.zaxxer.hikari.pool.HikariPool        : HikariPool-2 - Thread starvation or clock leap detected (housekeeper delta=15m29s953ms).
2026-07-22T23:21:34.257+05:30  WARN 31871 --- [evaap-backend] [l-2:housekeeper] com.zaxxer.hikari.pool.HikariPool        : HikariPool-2 - Thread starvation or clock leap detected (housekeeper delta=13m18s52ms).
2026-07-22T23:37:04.216+05:30  WARN 31871 --- [evaap-backend] [l-2:housekeeper] com.zaxxer.hikari.pool.HikariPool        : HikariPool-2 - Thread starvation or clock leap detected (housekeeper delta=15m29s959ms).
2026-07-22T23:52:10.773+05:30 ERROR 31871 --- [evaap-backend] [  restartedMain] o.s.b.web.embedded.tomcat.TomcatStarter  : Error starting Tomcat context. Exception: org.springframework.beans.factory.UnsatisfiedDependencyException. Message: Error creating bean with name 'jwtAuthenticationFilter' defined in file [/Users/nidhisshetty/Desktop/evaap-project/backend/target/classes/com/evaap/security/JwtAuthenticationFilter.class]: Unsatisfied dependency expressed through constructor parameter 1: Error creating bean with name 'customUserDetailsService' defined in file [/Users/nidhisshetty/Desktop/evaap-project/backend/target/classes/com/evaap/security/CustomUserDetailsService.class]: Unsatisfied dependency expressed through constructor parameter 0: Error creating bean with name 'userRepository' defined in com.evaap.repository.UserRepository defined in @EnableJpaRepositories declared on JpaRepositoriesRegistrar.EnableJpaRepositoriesConfiguration: Cannot resolve reference to bean 'jpaSharedEM_entityManagerFactory' while setting bean property 'entityManager'
2026-07-22T23:52:10.796+05:30  INFO 31871 --- [evaap-backend] [  restartedMain] o.apache.catalina.core.StandardService   : Stopping service [Tomcat]
2026-07-22T23:52:10.804+05:30  WARN 31871 --- [evaap-backend] [  restartedMain] o.a.c.loader.WebappClassLoaderBase       : The web application [ROOT] appears to have started a thread named [HikariPool-2:housekeeper] but has failed to stop it. This is very likely to create a memory leak. Stack trace of thread:
 java.base/jdk.internal.misc.Unsafe.park(Native Method)
 java.base/java.util.concurrent.locks.LockSupport.parkNanos(LockSupport.java:269)
 java.base/java.util.concurrent.locks.AbstractQueuedSynchronizer$ConditionObject.awaitNanos(AbstractQueuedSynchronizer.java:1758)
 java.base/java.util.concurrent.ScheduledThreadPoolExecutor$DelayedWorkQueue.take(ScheduledThreadPoolExecutor.java:1182)
 java.base/java.util.concurrent.ScheduledThreadPoolExecutor$DelayedWorkQueue.take(ScheduledThreadPoolExecutor.java:899)
 java.base/java.util.concurrent.ThreadPoolExecutor.getTask(ThreadPoolExecutor.java:1070)
 java.base/java.util.concurrent.ThreadPoolExecutor.runWorker(ThreadPoolExecutor.java:1130)
 java.base/java.util.concurrent.ThreadPoolExecutor$Worker.run(ThreadPoolExecutor.java:642)
 java.base/java.lang.Thread.run(Thread.java:1583)
2026-07-22T23:52:10.805+05:30  WARN 31871 --- [evaap-backend] [  restartedMain] ConfigServletWebServerApplicationContext : Exception encountered during context initialization - cancelling refresh attempt: org.springframework.context.ApplicationContextException: Unable to start web server
2026-07-22T23:52:10.805+05:30  INFO 31871 --- [evaap-backend] [  restartedMain] com.zaxxer.hikari.HikariDataSource       : HikariPool-2 - Shutdown initiated...
2026-07-22T23:52:10.812+05:30  INFO 31871 --- [evaap-backend] [  restartedMain] com.zaxxer.hikari.HikariDataSource       : HikariPool-2 - Shutdown completed.
2026-07-22T23:52:10.822+05:30  INFO 31871 --- [evaap-backend] [  restartedMain] .s.b.a.l.ConditionEvaluationReportLogger : 

Error starting ApplicationContext. To display the condition evaluation report re-run your application with 'debug' enabled.
2026-07-22T23:52:10.849+05:30 ERROR 31871 --- [evaap-backend] [  restartedMain] o.s.boot.SpringApplication               : Application run failed

org.springframework.context.ApplicationContextException: Unable to start web server
	at org.springframework.boot.web.servlet.context.ServletWebServerApplicationContext.onRefresh(ServletWebServerApplicationContext.java:170) ~[spring-boot-3.5.16.jar:3.5.16]
	at org.springframework.context.support.AbstractApplicationContext.refresh(AbstractApplicationContext.java:622) ~[spring-context-6.2.19.jar:6.2.19]
	at org.springframework.boot.web.servlet.context.ServletWebServerApplicationContext.refresh(ServletWebServerApplicationContext.java:146) ~[spring-boot-3.5.16.jar:3.5.16]
	at org.springframework.boot.SpringApplication.refresh(SpringApplication.java:752) ~[spring-boot-3.5.16.jar:3.5.16]
	at org.springframework.boot.SpringApplication.refreshContext(SpringApplication.java:439) ~[spring-boot-3.5.16.jar:3.5.16]
	at org.springframework.boot.SpringApplication.run(SpringApplication.java:318) ~[spring-boot-3.5.16.jar:3.5.16]
	at org.springframework.boot.SpringApplication.run(SpringApplication.java:1361) ~[spring-boot-3.5.16.jar:3.5.16]
	at org.springframework.boot.SpringApplication.run(SpringApplication.java:1350) ~[spring-boot-3.5.16.jar:3.5.16]
	at com.evaap.EvaapBackendApplication.main(EvaapBackendApplication.java:9) ~[classes/:na]
	at java.base/jdk.internal.reflect.DirectMethodHandleAccessor.invoke(DirectMethodHandleAccessor.java:103) ~[na:na]
	at java.base/java.lang.reflect.Method.invoke(Method.java:580) ~[na:na]
	at org.springframework.boot.devtools.restart.RestartLauncher.run(RestartLauncher.java:50) ~[spring-boot-devtools-3.5.16.jar:3.5.16]
Caused by: org.springframework.boot.web.server.WebServerException: Unable to start embedded Tomcat
	at org.springframework.boot.web.embedded.tomcat.TomcatWebServer.initialize(TomcatWebServer.java:147) ~[spring-boot-3.5.16.jar:3.5.16]
	at org.springframework.boot.web.embedded.tomcat.TomcatWebServer.<init>(TomcatWebServer.java:107) ~[spring-boot-3.5.16.jar:3.5.16]
	at org.springframework.boot.web.embedded.tomcat.TomcatServletWebServerFactory.getTomcatWebServer(TomcatServletWebServerFactory.java:517) ~[spring-boot-3.5.16.jar:3.5.16]
	at org.springframework.boot.web.embedded.tomcat.TomcatServletWebServerFactory.getWebServer(TomcatServletWebServerFactory.java:219) ~[spring-boot-3.5.16.jar:3.5.16]
	at org.springframework.boot.web.servlet.context.ServletWebServerApplicationContext.createWebServer(ServletWebServerApplicationContext.java:193) ~[spring-boot-3.5.16.jar:3.5.16]
	at org.springframework.boot.web.servlet.context.ServletWebServerApplicationContext.onRefresh(ServletWebServerApplicationContext.java:167) ~[spring-boot-3.5.16.jar:3.5.16]
	... 11 common frames omitted
Caused by: org.springframework.beans.factory.UnsatisfiedDependencyException: Error creating bean with name 'jwtAuthenticationFilter' defined in file [/Users/nidhisshetty/Desktop/evaap-project/backend/target/classes/com/evaap/security/JwtAuthenticationFilter.class]: Unsatisfied dependency expressed through constructor parameter 1: Error creating bean with name 'customUserDetailsService' defined in file [/Users/nidhisshetty/Desktop/evaap-project/backend/target/classes/com/evaap/security/CustomUserDetailsService.class]: Unsatisfied dependency expressed through constructor parameter 0: Error creating bean with name 'userRepository' defined in com.evaap.repository.UserRepository defined in @EnableJpaRepositories declared on JpaRepositoriesRegistrar.EnableJpaRepositoriesConfiguration: Cannot resolve reference to bean 'jpaSharedEM_entityManagerFactory' while setting bean property 'entityManager'
	at org.springframework.beans.factory.support.ConstructorResolver.createArgumentArray(ConstructorResolver.java:804) ~[spring-beans-6.2.19.jar:6.2.19]
	at org.springframework.beans.factory.support.ConstructorResolver.autowireConstructor(ConstructorResolver.java:240) ~[spring-beans-6.2.19.jar:6.2.19]
	at org.springframework.beans.factory.support.AbstractAutowireCapableBeanFactory.autowireConstructor(AbstractAutowireCapableBeanFactory.java:1393) ~[spring-beans-6.2.19.jar:6.2.19]
	at org.springframework.beans.factory.support.AbstractAutowireCapableBeanFactory.createBeanInstance(AbstractAutowireCapableBeanFactory.java:1230) ~[spring-beans-6.2.19.jar:6.2.19]
	at org.springframework.beans.factory.support.AbstractAutowireCapableBeanFactory.doCreateBean(AbstractAutowireCapableBeanFactory.java:569) ~[spring-beans-6.2.19.jar:6.2.19]
	at org.springframework.beans.factory.support.AbstractAutowireCapableBeanFactory.createBean(AbstractAutowireCapableBeanFactory.java:529) ~[spring-beans-6.2.19.jar:6.2.19]
	at org.springframework.beans.factory.support.AbstractBeanFactory.lambda$doGetBean$0(AbstractBeanFactory.java:339) ~[spring-beans-6.2.19.jar:6.2.19]
	at org.springframework.beans.factory.support.DefaultSingletonBeanRegistry.getSingleton(DefaultSingletonBeanRegistry.java:373) ~[spring-beans-6.2.19.jar:6.2.19]
	at org.springframework.beans.factory.support.AbstractBeanFactory.doGetBean(AbstractBeanFactory.java:337) ~[spring-beans-6.2.19.jar:6.2.19]
	at org.springframework.beans.factory.support.AbstractBeanFactory.getBean(AbstractBeanFactory.java:207) ~[spring-beans-6.2.19.jar:6.2.19]
	at org.springframework.boot.web.servlet.ServletContextInitializerBeans.getOrderedBeansOfType(ServletContextInitializerBeans.java:230) ~[spring-boot-3.5.16.jar:3.5.16]
	at org.springframework.boot.web.servlet.ServletContextInitializerBeans.addAsRegistrationBean(ServletContextInitializerBeans.java:184) ~[spring-boot-3.5.16.jar:3.5.16]
	at org.springframework.boot.web.servlet.ServletContextInitializerBeans.addAsRegistrationBean(ServletContextInitializerBeans.java:179) ~[spring-boot-3.5.16.jar:3.5.16]
	at org.springframework.boot.web.servlet.ServletContextInitializerBeans.addAdaptableBeans(ServletContextInitializerBeans.java:164) ~[spring-boot-3.5.16.jar:3.5.16]
	at org.springframework.boot.web.servlet.ServletContextInitializerBeans.<init>(ServletContextInitializerBeans.java:96) ~[spring-boot-3.5.16.jar:3.5.16]
	at org.springframework.boot.web.servlet.context.ServletWebServerApplicationContext.getServletContextInitializerBeans(ServletWebServerApplicationContext.java:271) ~[spring-boot-3.5.16.jar:3.5.16]
	at org.springframework.boot.web.servlet.context.ServletWebServerApplicationContext.selfInitialize(ServletWebServerApplicationContext.java:245) ~[spring-boot-3.5.16.jar:3.5.16]
	at org.springframework.boot.web.embedded.tomcat.TomcatStarter.onStartup(TomcatStarter.java:52) ~[spring-boot-3.5.16.jar:3.5.16]
	at org.apache.catalina.core.StandardContext.startInternal(StandardContext.java:4456) ~[tomcat-embed-core-10.1.55.jar:10.1.55]
	at org.apache.catalina.util.LifecycleBase.start(LifecycleBase.java:164) ~[tomcat-embed-core-10.1.55.jar:10.1.55]
	at org.apache.catalina.core.ContainerBase$StartChild.call(ContainerBase.java:1201) ~[tomcat-embed-core-10.1.55.jar:10.1.55]
	at org.apache.catalina.core.ContainerBase$StartChild.call(ContainerBase.java:1191) ~[tomcat-embed-core-10.1.55.jar:10.1.55]
	at java.base/java.util.concurrent.FutureTask.run(FutureTask.java:317) ~[na:na]
	at org.apache.tomcat.util.threads.InlineExecutorService.execute(InlineExecutorService.java:81) ~[tomcat-embed-core-10.1.55.jar:10.1.55]
	at java.base/java.util.concurrent.AbstractExecutorService.submit(AbstractExecutorService.java:145) ~[na:na]
	at org.apache.catalina.core.ContainerBase.startInternal(ContainerBase.java:747) ~[tomcat-embed-core-10.1.55.jar:10.1.55]
	at org.apache.catalina.core.StandardHost.startInternal(StandardHost.java:783) ~[tomcat-embed-core-10.1.55.jar:10.1.55]
	at org.apache.catalina.util.LifecycleBase.start(LifecycleBase.java:164) ~[tomcat-embed-core-10.1.55.jar:10.1.55]
	at org.apache.catalina.core.ContainerBase$StartChild.call(ContainerBase.java:1201) ~[tomcat-embed-core-10.1.55.jar:10.1.55]
	at org.apache.catalina.core.ContainerBase$StartChild.call(ContainerBase.java:1191) ~[tomcat-embed-core-10.1.55.jar:10.1.55]
	at java.base/java.util.concurrent.FutureTask.run(FutureTask.java:317) ~[na:na]
	at org.apache.tomcat.util.threads.InlineExecutorService.execute(InlineExecutorService.java:81) ~[tomcat-embed-core-10.1.55.jar:10.1.55]
	at java.base/java.util.concurrent.AbstractExecutorService.submit(AbstractExecutorService.java:145) ~[na:na]
	at org.apache.catalina.core.ContainerBase.startInternal(ContainerBase.java:747) ~[tomcat-embed-core-10.1.55.jar:10.1.55]
	at org.apache.catalina.core.StandardEngine.startInternal(StandardEngine.java:201) ~[tomcat-embed-core-10.1.55.jar:10.1.55]
	at org.apache.catalina.util.LifecycleBase.start(LifecycleBase.java:164) ~[tomcat-embed-core-10.1.55.jar:10.1.55]
	at org.apache.catalina.core.StandardService.startInternal(StandardService.java:410) ~[tomcat-embed-core-10.1.55.jar:10.1.55]
	at org.apache.catalina.util.LifecycleBase.start(LifecycleBase.java:164) ~[tomcat-embed-core-10.1.55.jar:10.1.55]
	at org.apache.catalina.core.StandardServer.startInternal(StandardServer.java:868) ~[tomcat-embed-core-10.1.55.jar:10.1.55]
	at org.apache.catalina.util.LifecycleBase.start(LifecycleBase.java:164) ~[tomcat-embed-core-10.1.55.jar:10.1.55]
	at org.apache.catalina.startup.Tomcat.start(Tomcat.java:436) ~[tomcat-embed-core-10.1.55.jar:10.1.55]
	at org.springframework.boot.web.embedded.tomcat.TomcatWebServer.initialize(TomcatWebServer.java:128) ~[spring-boot-3.5.16.jar:3.5.16]
	... 16 common frames omitted
Caused by: org.springframework.beans.factory.UnsatisfiedDependencyException: Error creating bean with name 'customUserDetailsService' defined in file [/Users/nidhisshetty/Desktop/evaap-project/backend/target/classes/com/evaap/security/CustomUserDetailsService.class]: Unsatisfied dependency expressed through constructor parameter 0: Error creating bean with name 'userRepository' defined in com.evaap.repository.UserRepository defined in @EnableJpaRepositories declared on JpaRepositoriesRegistrar.EnableJpaRepositoriesConfiguration: Cannot resolve reference to bean 'jpaSharedEM_entityManagerFactory' while setting bean property 'entityManager'
	at org.springframework.beans.factory.support.ConstructorResolver.createArgumentArray(ConstructorResolver.java:804) ~[spring-beans-6.2.19.jar:6.2.19]
	at org.springframework.beans.factory.support.ConstructorResolver.autowireConstructor(ConstructorResolver.java:240) ~[spring-beans-6.2.19.jar:6.2.19]
	at org.springframework.beans.factory.support.AbstractAutowireCapableBeanFactory.autowireConstructor(AbstractAutowireCapableBeanFactory.java:1393) ~[spring-beans-6.2.19.jar:6.2.19]
	at org.springframework.beans.factory.support.AbstractAutowireCapableBeanFactory.createBeanInstance(AbstractAutowireCapableBeanFactory.java:1230) ~[spring-beans-6.2.19.jar:6.2.19]
	at org.springframework.beans.factory.support.AbstractAutowireCapableBeanFactory.doCreateBean(AbstractAutowireCapableBeanFactory.java:569) ~[spring-beans-6.2.19.jar:6.2.19]
	at org.springframework.beans.factory.support.AbstractAutowireCapableBeanFactory.createBean(AbstractAutowireCapableBeanFactory.java:529) ~[spring-beans-6.2.19.jar:6.2.19]
	at org.springframework.beans.factory.support.AbstractBeanFactory.lambda$doGetBean$0(AbstractBeanFactory.java:339) ~[spring-beans-6.2.19.jar:6.2.19]
	at org.springframework.beans.factory.support.DefaultSingletonBeanRegistry.getSingleton(DefaultSingletonBeanRegistry.java:373) ~[spring-beans-6.2.19.jar:6.2.19]
	at org.springframework.beans.factory.support.AbstractBeanFactory.doGetBean(AbstractBeanFactory.java:337) ~[spring-beans-6.2.19.jar:6.2.19]
	at org.springframework.beans.factory.support.AbstractBeanFactory.getBean(AbstractBeanFactory.java:202) ~[spring-beans-6.2.19.jar:6.2.19]
	at org.springframework.beans.factory.config.DependencyDescriptor.resolveCandidate(DependencyDescriptor.java:254) ~[spring-beans-6.2.19.jar:6.2.19]
	at org.springframework.beans.factory.support.DefaultListableBeanFactory.doResolveDependency(DefaultListableBeanFactory.java:1777) ~[spring-beans-6.2.19.jar:6.2.19]
	at org.springframework.beans.factory.support.DefaultListableBeanFactory.resolveDependency(DefaultListableBeanFactory.java:1660) ~[spring-beans-6.2.19.jar:6.2.19]
	at org.springframework.beans.factory.support.ConstructorResolver.resolveAutowiredArgument(ConstructorResolver.java:913) ~[spring-beans-6.2.19.jar:6.2.19]
	at org.springframework.beans.factory.support.ConstructorResolver.createArgumentArray(ConstructorResolver.java:791) ~[spring-beans-6.2.19.jar:6.2.19]
	... 57 common frames omitted
Caused by: org.springframework.beans.factory.BeanCreationException: Error creating bean with name 'userRepository' defined in com.evaap.repository.UserRepository defined in @EnableJpaRepositories declared on JpaRepositoriesRegistrar.EnableJpaRepositoriesConfiguration: Cannot resolve reference to bean 'jpaSharedEM_entityManagerFactory' while setting bean property 'entityManager'
	at org.springframework.beans.factory.support.BeanDefinitionValueResolver.resolveReference(BeanDefinitionValueResolver.java:377) ~[spring-beans-6.2.19.jar:6.2.19]
	at org.springframework.beans.factory.support.BeanDefinitionValueResolver.resolveValueIfNecessary(BeanDefinitionValueResolver.java:135) ~[spring-beans-6.2.19.jar:6.2.19]
	at org.springframework.beans.factory.support.AbstractAutowireCapableBeanFactory.applyPropertyValues(AbstractAutowireCapableBeanFactory.java:1723) ~[spring-beans-6.2.19.jar:6.2.19]
	at org.springframework.beans.factory.support.AbstractAutowireCapableBeanFactory.populateBean(AbstractAutowireCapableBeanFactory.java:1472) ~[spring-beans-6.2.19.jar:6.2.19]
	at org.springframework.beans.factory.support.AbstractAutowireCapableBeanFactory.doCreateBean(AbstractAutowireCapableBeanFactory.java:606) ~[spring-beans-6.2.19.jar:6.2.19]
	at org.springframework.beans.factory.support.AbstractAutowireCapableBeanFactory.createBean(AbstractAutowireCapableBeanFactory.java:529) ~[spring-beans-6.2.19.jar:6.2.19]
	at org.springframework.beans.factory.support.AbstractBeanFactory.lambda$doGetBean$0(AbstractBeanFactory.java:339) ~[spring-beans-6.2.19.jar:6.2.19]
	at org.springframework.beans.factory.support.DefaultSingletonBeanRegistry.getSingleton(DefaultSingletonBeanRegistry.java:373) ~[spring-beans-6.2.19.jar:6.2.19]
	at org.springframework.beans.factory.support.AbstractBeanFactory.doGetBean(AbstractBeanFactory.java:337) ~[spring-beans-6.2.19.jar:6.2.19]
	at org.springframework.beans.factory.support.AbstractBeanFactory.getBean(AbstractBeanFactory.java:202) ~[spring-beans-6.2.19.jar:6.2.19]
	at org.springframework.beans.factory.support.DefaultListableBeanFactory.doResolveDependency(DefaultListableBeanFactory.java:1715) ~[spring-beans-6.2.19.jar:6.2.19]
	at org.springframework.beans.factory.support.DefaultListableBeanFactory.resolveDependency(DefaultListableBeanFactory.java:1660) ~[spring-beans-6.2.19.jar:6.2.19]
	at org.springframework.beans.factory.support.ConstructorResolver.resolveAutowiredArgument(ConstructorResolver.java:913) ~[spring-beans-6.2.19.jar:6.2.19]
	at org.springframework.beans.factory.support.ConstructorResolver.createArgumentArray(ConstructorResolver.java:791) ~[spring-beans-6.2.19.jar:6.2.19]
	... 71 common frames omitted
Caused by: org.springframework.beans.factory.BeanCreationException: Error creating bean with name 'jpaSharedEM_entityManagerFactory': Cannot resolve reference to bean 'entityManagerFactory' while setting constructor argument
	at org.springframework.beans.factory.support.BeanDefinitionValueResolver.resolveReference(BeanDefinitionValueResolver.java:377) ~[spring-beans-6.2.19.jar:6.2.19]
	at org.springframework.beans.factory.support.BeanDefinitionValueResolver.resolveValueIfNecessary(BeanDefinitionValueResolver.java:135) ~[spring-beans-6.2.19.jar:6.2.19]
	at org.springframework.beans.factory.support.ConstructorResolver.resolveConstructorArguments(ConstructorResolver.java:691) ~[spring-beans-6.2.19.jar:6.2.19]
	at org.springframework.beans.factory.support.ConstructorResolver.instantiateUsingFactoryMethod(ConstructorResolver.java:513) ~[spring-beans-6.2.19.jar:6.2.19]
	at org.springframework.beans.factory.support.AbstractAutowireCapableBeanFactory.instantiateUsingFactoryMethod(AbstractAutowireCapableBeanFactory.java:1373) ~[spring-beans-6.2.19.jar:6.2.19]
	at org.springframework.beans.factory.support.AbstractAutowireCapableBeanFactory.createBeanInstance(AbstractAutowireCapableBeanFactory.java:1203) ~[spring-beans-6.2.19.jar:6.2.19]
	at org.springframework.beans.factory.support.AbstractAutowireCapableBeanFactory.doCreateBean(AbstractAutowireCapableBeanFactory.java:569) ~[spring-beans-6.2.19.jar:6.2.19]
	at org.springframework.beans.factory.support.AbstractAutowireCapableBeanFactory.createBean(AbstractAutowireCapableBeanFactory.java:529) ~[spring-beans-6.2.19.jar:6.2.19]
	at org.springframework.beans.factory.support.AbstractBeanFactory.lambda$doGetBean$0(AbstractBeanFactory.java:339) ~[spring-beans-6.2.19.jar:6.2.19]
	at org.springframework.beans.factory.support.DefaultSingletonBeanRegistry.getSingleton(DefaultSingletonBeanRegistry.java:373) ~[spring-beans-6.2.19.jar:6.2.19]
	at org.springframework.beans.factory.support.AbstractBeanFactory.doGetBean(AbstractBeanFactory.java:337) ~[spring-beans-6.2.19.jar:6.2.19]
	at org.springframework.beans.factory.support.AbstractBeanFactory.getBean(AbstractBeanFactory.java:202) ~[spring-beans-6.2.19.jar:6.2.19]
	at org.springframework.beans.factory.support.BeanDefinitionValueResolver.resolveReference(BeanDefinitionValueResolver.java:365) ~[spring-beans-6.2.19.jar:6.2.19]
	... 84 common frames omitted
Caused by: org.springframework.beans.factory.BeanCreationException: Error creating bean with name 'entityManagerFactory' defined in class path resource [org/springframework/boot/autoconfigure/orm/jpa/HibernateJpaConfiguration.class]: com/evaap/entity/User
	at org.springframework.beans.factory.support.AbstractAutowireCapableBeanFactory.initializeBean(AbstractAutowireCapableBeanFactory.java:1824) ~[spring-beans-6.2.19.jar:6.2.19]
	at org.springframework.beans.factory.support.AbstractAutowireCapableBeanFactory.doCreateBean(AbstractAutowireCapableBeanFactory.java:607) ~[spring-beans-6.2.19.jar:6.2.19]
	at org.springframework.beans.factory.support.AbstractAutowireCapableBeanFactory.createBean(AbstractAutowireCapableBeanFactory.java:529) ~[spring-beans-6.2.19.jar:6.2.19]
	at org.springframework.beans.factory.support.AbstractBeanFactory.lambda$doGetBean$0(AbstractBeanFactory.java:339) ~[spring-beans-6.2.19.jar:6.2.19]
	at org.springframework.beans.factory.support.DefaultSingletonBeanRegistry.getSingleton(DefaultSingletonBeanRegistry.java:373) ~[spring-beans-6.2.19.jar:6.2.19]
	at org.springframework.beans.factory.support.AbstractBeanFactory.doGetBean(AbstractBeanFactory.java:337) ~[spring-beans-6.2.19.jar:6.2.19]
	at org.springframework.beans.factory.support.AbstractBeanFactory.getBean(AbstractBeanFactory.java:202) ~[spring-beans-6.2.19.jar:6.2.19]
	at org.springframework.beans.factory.support.BeanDefinitionValueResolver.resolveReference(BeanDefinitionValueResolver.java:365) ~[spring-beans-6.2.19.jar:6.2.19]
	... 96 common frames omitted
Caused by: java.lang.NoClassDefFoundError: com/evaap/entity/User
	at java.base/java.lang.Class.getDeclaredMethods0(Native Method) ~[na:na]
	at java.base/java.lang.Class.privateGetDeclaredMethods(Class.java:3578) ~[na:na]
	at java.base/java.lang.Class.getDeclaredMethods(Class.java:2676) ~[na:na]
	at org.hibernate.annotations.common.reflection.java.JavaXClass.getDeclaredMethodProperties(JavaXClass.java:134) ~[hibernate-commons-annotations-7.0.3.Final.jar:7.0.3.Final]
	at org.hibernate.annotations.common.reflection.java.JavaXClass.getDeclaredProperties(JavaXClass.java:172) ~[hibernate-commons-annotations-7.0.3.Final.jar:7.0.3.Final]
	at org.hibernate.annotations.common.reflection.java.JavaXClass.getDeclaredProperties(JavaXClass.java:164) ~[hibernate-commons-annotations-7.0.3.Final.jar:7.0.3.Final]
	at org.hibernate.boot.model.internal.InheritanceState.determineDefaultAccessType(InheritanceState.java:269) ~[hibernate-core-6.6.53.Final.jar:6.6.53.Final]
	at org.hibernate.boot.model.internal.InheritanceState.getElementsToProcess(InheritanceState.java:226) ~[hibernate-core-6.6.53.Final.jar:6.6.53.Final]
	at org.hibernate.boot.model.internal.InheritanceState.postProcess(InheritanceState.java:162) ~[hibernate-core-6.6.53.Final.jar:6.6.53.Final]
	at org.hibernate.boot.model.internal.EntityBinder.handleIdentifier(EntityBinder.java:410) ~[hibernate-core-6.6.53.Final.jar:6.6.53.Final]
	at org.hibernate.boot.model.internal.EntityBinder.bindEntityClass(EntityBinder.java:251) ~[hibernate-core-6.6.53.Final.jar:6.6.53.Final]
	at org.hibernate.boot.model.internal.AnnotationBinder.bindClass(AnnotationBinder.java:404) ~[hibernate-core-6.6.53.Final.jar:6.6.53.Final]
	at org.hibernate.boot.model.source.internal.annotations.AnnotationMetadataSourceProcessorImpl.processEntityHierarchies(AnnotationMetadataSourceProcessorImpl.java:266) ~[hibernate-core-6.6.53.Final.jar:6.6.53.Final]
	at org.hibernate.boot.model.process.spi.MetadataBuildingProcess$1.processEntityHierarchies(MetadataBuildingProcess.java:281) ~[hibernate-core-6.6.53.Final.jar:6.6.53.Final]
	at org.hibernate.boot.model.process.spi.MetadataBuildingProcess.complete(MetadataBuildingProcess.java:324) ~[hibernate-core-6.6.53.Final.jar:6.6.53.Final]
	at org.hibernate.jpa.boot.internal.EntityManagerFactoryBuilderImpl.metadata(EntityManagerFactoryBuilderImpl.java:1442) ~[hibernate-core-6.6.53.Final.jar:6.6.53.Final]
	at org.hibernate.jpa.boot.internal.EntityManagerFactoryBuilderImpl.build(EntityManagerFactoryBuilderImpl.java:1513) ~[hibernate-core-6.6.53.Final.jar:6.6.53.Final]
	at org.springframework.orm.jpa.vendor.SpringHibernateJpaPersistenceProvider.createContainerEntityManagerFactory(SpringHibernateJpaPersistenceProvider.java:66) ~[spring-orm-6.2.19.jar:6.2.19]
	at org.springframework.orm.jpa.LocalContainerEntityManagerFactoryBean.createNativeEntityManagerFactory(LocalContainerEntityManagerFactoryBean.java:388) ~[spring-orm-6.2.19.jar:6.2.19]
	at org.springframework.orm.jpa.AbstractEntityManagerFactoryBean.buildNativeEntityManagerFactory(AbstractEntityManagerFactoryBean.java:419) ~[spring-orm-6.2.19.jar:6.2.19]
	at org.springframework.orm.jpa.AbstractEntityManagerFactoryBean.afterPropertiesSet(AbstractEntityManagerFactoryBean.java:400) ~[spring-orm-6.2.19.jar:6.2.19]
	at org.springframework.orm.jpa.LocalContainerEntityManagerFactoryBean.afterPropertiesSet(LocalContainerEntityManagerFactoryBean.java:364) ~[spring-orm-6.2.19.jar:6.2.19]
	at org.springframework.beans.factory.support.AbstractAutowireCapableBeanFactory.invokeInitMethods(AbstractAutowireCapableBeanFactory.java:1871) ~[spring-beans-6.2.19.jar:6.2.19]
	at org.springframework.beans.factory.support.AbstractAutowireCapableBeanFactory.initializeBean(AbstractAutowireCapableBeanFactory.java:1820) ~[spring-beans-6.2.19.jar:6.2.19]
	... 103 common frames omitted
Caused by: java.lang.ClassNotFoundException: com.evaap.entity.User
	at java.base/jdk.internal.loader.BuiltinClassLoader.loadClass(BuiltinClassLoader.java:641) ~[na:na]
	at java.base/jdk.internal.loader.ClassLoaders$AppClassLoader.loadClass(ClassLoaders.java:188) ~[na:na]
	at java.base/java.lang.ClassLoader.loadClass(ClassLoader.java:526) ~[na:na]
	... 127 common frames omitted


  .   ____          _            __ _ _
 /\\ / ___'_ __ _ _(_)_ __  __ _ \ \ \ \
( ( )\___ | '_ | '_| | '_ \/ _` | \ \ \ \
 \\/  ___)| |_)| | | | | || (_| |  ) ) ) )
  '  |____| .__|_| |_|_| |_\__, | / / / /
 =========|_|==============|___/=/_/_/_/

 :: Spring Boot ::               (v3.5.16)

2026-07-23T11:22:53.159+05:30  INFO 31871 --- [evaap-backend] [  restartedMain] com.evaap.EvaapBackendApplication        : Starting EvaapBackendApplication using Java 21.0.2 with PID 31871 (/Users/nidhisshetty/Desktop/evaap-project/backend/target/classes started by nidhisshetty in /Users/nidhisshetty/Desktop/evaap-project/backend)
2026-07-23T11:22:53.159+05:30  INFO 31871 --- [evaap-backend] [  restartedMain] com.evaap.EvaapBackendApplication        : The following 1 profile is active: "dev"
2026-07-23T11:23:47.852+05:30  INFO 31871 --- [evaap-backend] [  restartedMain] .s.d.r.c.RepositoryConfigurationDelegate : Bootstrapping Spring Data JPA repositories in DEFAULT mode.
2026-07-23T11:23:47.866+05:30  INFO 31871 --- [evaap-backend] [  restartedMain] .s.d.r.c.RepositoryConfigurationDelegate : Finished Spring Data repository scanning in 12 ms. Found 6 JPA repository interfaces.
2026-07-23T11:23:47.955+05:30  INFO 31871 --- [evaap-backend] [  restartedMain] o.s.b.w.embedded.tomcat.TomcatWebServer  : Tomcat initialized with port 8080 (http)
2026-07-23T11:23:47.957+05:30  INFO 31871 --- [evaap-backend] [  restartedMain] o.apache.catalina.core.StandardService   : Starting service [Tomcat]
2026-07-23T11:23:47.958+05:30  INFO 31871 --- [evaap-backend] [  restartedMain] o.apache.catalina.core.StandardEngine    : Starting Servlet engine: [Apache Tomcat/10.1.55]
2026-07-23T11:23:47.966+05:30  INFO 31871 --- [evaap-backend] [  restartedMain] o.a.c.c.C.[Tomcat-1].[localhost].[/]     : Initializing Spring embedded WebApplicationContext
2026-07-23T11:23:47.968+05:30  INFO 31871 --- [evaap-backend] [  restartedMain] w.s.c.ServletWebServerApplicationContext : Root WebApplicationContext: initialization completed in 54804 ms
2026-07-23T11:23:47.989+05:30  INFO 31871 --- [evaap-backend] [  restartedMain] o.hibernate.jpa.internal.util.LogHelper  : HHH000204: Processing PersistenceUnitInfo [name: default]
2026-07-23T11:23:47.993+05:30  INFO 31871 --- [evaap-backend] [  restartedMain] o.h.c.internal.RegionFactoryInitiator    : HHH000026: Second-level cache disabled
2026-07-23T11:23:48.002+05:30  INFO 31871 --- [evaap-backend] [  restartedMain] o.s.o.j.p.SpringPersistenceUnitInfo      : No LoadTimeWeaver setup: ignoring JPA class transformer
2026-07-23T11:23:48.004+05:30  INFO 31871 --- [evaap-backend] [  restartedMain] com.zaxxer.hikari.HikariDataSource       : HikariPool-3 - Starting...
2026-07-23T11:23:48.454+05:30  INFO 31871 --- [evaap-backend] [  restartedMain] com.zaxxer.hikari.pool.HikariPool        : HikariPool-3 - Added connection com.mysql.cj.jdbc.ConnectionImpl@3c902d24
2026-07-23T11:23:48.455+05:30  INFO 31871 --- [evaap-backend] [  restartedMain] com.zaxxer.hikari.HikariDataSource       : HikariPool-3 - Start completed.
2026-07-23T11:23:48.461+05:30  INFO 31871 --- [evaap-backend] [  restartedMain] org.hibernate.orm.connections.pooling    : HHH10001005: Database info:
	Database JDBC URL [Connecting through datasource 'HikariDataSource (HikariPool-3)']
	Database driver: undefined/unknown
	Database version: 12.3.2
	Autocommit mode: undefined/unknown
	Isolation level: undefined/unknown
	Minimum pool size: undefined/unknown
	Maximum pool size: undefined/unknown
2026-07-23T11:23:48.616+05:30  INFO 31871 --- [evaap-backend] [  restartedMain] o.h.e.t.j.p.i.JtaPlatformInitiator       : HHH000489: No JTA platform available (set 'hibernate.transaction.jta.platform' to enable JTA platform integration)
Hibernate: 
    alter table documents 
       modify column storage_provider enum ('AWS_S3','LOCAL')
Hibernate: 
    alter table documents 
       modify column verification_status enum ('APPROVED','PENDING','REJECTED')
Hibernate: 
    alter table users 
       modify column account_status enum ('ACTIVE','DEACTIVATED','PENDING','SUSPENDED')
Hibernate: 
    alter table users 
       modify column public_id CHAR(36) not null
Hibernate: 
    alter table verification_requests 
       modify column status enum ('APPROVED','PENDING','REJECTED','UNDER_REVIEW')
2026-07-23T11:23:49.129+05:30  INFO 31871 --- [evaap-backend] [  restartedMain] j.LocalContainerEntityManagerFactoryBean : Initialized JPA EntityManagerFactory for persistence unit 'default'
2026-07-23T11:23:49.245+05:30  WARN 31871 --- [evaap-backend] [  restartedMain] JpaBaseConfiguration$JpaWebConfiguration : spring.jpa.open-in-view is enabled by default. Therefore, database queries may be performed during view rendering. Explicitly configure spring.jpa.open-in-view to disable this warning
2026-07-23T11:23:49.289+05:30  INFO 31871 --- [evaap-backend] [  restartedMain] eAuthenticationProviderManagerConfigurer : Global AuthenticationManager configured with AuthenticationProvider bean with name authenticationProvider
2026-07-23T11:23:49.289+05:30  WARN 31871 --- [evaap-backend] [  restartedMain] r$InitializeUserDetailsManagerConfigurer : Global AuthenticationManager configured with an AuthenticationProvider bean. UserDetailsService beans will not be used by Spring Security for automatically configuring username/password login. Consider removing the AuthenticationProvider bean. Alternatively, consider using the UserDetailsService in a manually instantiated DaoAuthenticationProvider. If the current configuration is intentional, to turn off this warning, increase the logging level of 'org.springframework.security.config.annotation.authentication.configuration.InitializeUserDetailsBeanManagerConfigurer' to ERROR
2026-07-23T11:23:49.391+05:30  INFO 31871 --- [evaap-backend] [  restartedMain] o.s.b.d.a.OptionalLiveReloadServer       : LiveReload server is running on port 35729
2026-07-23T11:23:49.398+05:30  INFO 31871 --- [evaap-backend] [  restartedMain] o.s.b.w.embedded.tomcat.TomcatWebServer  : Tomcat started on port 8080 (http) with context path '/'
2026-07-23T11:23:49.402+05:30  INFO 31871 --- [evaap-backend] [  restartedMain] com.evaap.EvaapBackendApplication        : Started EvaapBackendApplication in 57.529 seconds (process running for 6194.136)
2026-07-23T11:23:49.403+05:30  INFO 31871 --- [evaap-backend] [  restartedMain] .ConditionEvaluationDeltaLoggingListener : Condition evaluation unchanged
2026-07-23T11:23:56.240+05:30  INFO 31871 --- [evaap-backend] [nio-8080-exec-1] o.a.c.c.C.[Tomcat-1].[localhost].[/]     : Initializing Spring DispatcherServlet 'dispatcherServlet'
2026-07-23T11:23:56.240+05:30  INFO 31871 --- [evaap-backend] [nio-8080-exec-1] o.s.web.servlet.DispatcherServlet        : Initializing Servlet 'dispatcherServlet'
2026-07-23T11:23:56.242+05:30  INFO 31871 --- [evaap-backend] [nio-8080-exec-1] o.s.web.servlet.DispatcherServlet        : Completed initialization in 2 ms
2026-07-23T11:24:32.807+05:30  INFO 31871 --- [evaap-backend] [io-8080-exec-10] o.springdoc.api.AbstractOpenApiResource  : Init duration for springdoc-openapi is: 226 ms
2026-07-23T11:25:57.480+05:30  INFO 31871 --- [evaap-backend] [   File Watcher] rtingClassPathChangeChangedEventListener : Restarting due to 1 class path change (0 additions, 0 deletions, 1 modification)
2026-07-23T11:25:57.488+05:30  INFO 31871 --- [evaap-backend] [       Thread-7] o.s.b.w.e.tomcat.GracefulShutdown        : Commencing graceful shutdown. Waiting for active requests to complete
2026-07-23T11:25:57.492+05:30  INFO 31871 --- [evaap-backend] [tomcat-shutdown] o.s.b.w.e.tomcat.GracefulShutdown        : Graceful shutdown complete
2026-07-23T11:25:57.505+05:30  INFO 31871 --- [evaap-backend] [       Thread-7] j.LocalContainerEntityManagerFactoryBean : Closing JPA EntityManagerFactory for persistence unit 'default'
2026-07-23T11:25:57.514+05:30  INFO 31871 --- [evaap-backend] [       Thread-7] com.zaxxer.hikari.HikariDataSource       : HikariPool-3 - Shutdown initiated...
2026-07-23T11:25:57.519+05:30  INFO 31871 --- [evaap-backend] [       Thread-7] com.zaxxer.hikari.HikariDataSource       : HikariPool-3 - Shutdown completed.

  .   ____          _            __ _ _
 /\\ / ___'_ __ _ _(_)_ __  __ _ \ \ \ \
( ( )\___ | '_ | '_| | '_ \/ _` | \ \ \ \
 \\/  ___)| |_)| | | | | || (_| |  ) ) ) )
  '  |____| .__|_| |_|_| |_\__, | / / / /
 =========|_|==============|___/=/_/_/_/

 :: Spring Boot ::               (v3.5.16)

2026-07-23T11:26:03.097+05:30  INFO 31871 --- [evaap-backend] [  restartedMain] com.evaap.EvaapBackendApplication        : Starting EvaapBackendApplication using Java 21.0.2 with PID 31871 (/Users/nidhisshetty/Desktop/evaap-project/backend/target/classes started by nidhisshetty in /Users/nidhisshetty/Desktop/evaap-project/backend)
2026-07-23T11:26:03.097+05:30  INFO 31871 --- [evaap-backend] [  restartedMain] com.evaap.EvaapBackendApplication        : The following 1 profile is active: "dev"
2026-07-23T11:27:56.369+05:30  INFO 31871 --- [evaap-backend] [  restartedMain] .s.d.r.c.RepositoryConfigurationDelegate : Bootstrapping Spring Data JPA repositories in DEFAULT mode.
2026-07-23T11:27:56.392+05:30  INFO 31871 --- [evaap-backend] [  restartedMain] .s.d.r.c.RepositoryConfigurationDelegate : Finished Spring Data repository scanning in 20 ms. Found 6 JPA repository interfaces.
2026-07-23T11:27:56.497+05:30  INFO 31871 --- [evaap-backend] [  restartedMain] o.s.b.w.embedded.tomcat.TomcatWebServer  : Tomcat initialized with port 8080 (http)
2026-07-23T11:27:56.498+05:30  INFO 31871 --- [evaap-backend] [  restartedMain] o.apache.catalina.core.StandardService   : Starting service [Tomcat]
2026-07-23T11:27:56.498+05:30  INFO 31871 --- [evaap-backend] [  restartedMain] o.apache.catalina.core.StandardEngine    : Starting Servlet engine: [Apache Tomcat/10.1.55]
2026-07-23T11:27:56.503+05:30  INFO 31871 --- [evaap-backend] [  restartedMain] o.a.c.c.C.[Tomcat-1].[localhost].[/]     : Initializing Spring embedded WebApplicationContext
2026-07-23T11:27:56.503+05:30  INFO 31871 --- [evaap-backend] [  restartedMain] w.s.c.ServletWebServerApplicationContext : Root WebApplicationContext: initialization completed in 113401 ms
2026-07-23T11:27:56.521+05:30  INFO 31871 --- [evaap-backend] [  restartedMain] o.hibernate.jpa.internal.util.LogHelper  : HHH000204: Processing PersistenceUnitInfo [name: default]
2026-07-23T11:27:56.522+05:30  INFO 31871 --- [evaap-backend] [  restartedMain] o.h.c.internal.RegionFactoryInitiator    : HHH000026: Second-level cache disabled
2026-07-23T11:27:56.527+05:30  INFO 31871 --- [evaap-backend] [  restartedMain] o.s.o.j.p.SpringPersistenceUnitInfo      : No LoadTimeWeaver setup: ignoring JPA class transformer
2026-07-23T11:27:56.528+05:30  INFO 31871 --- [evaap-backend] [  restartedMain] com.zaxxer.hikari.HikariDataSource       : HikariPool-4 - Starting...
2026-07-23T11:27:56.638+05:30  INFO 31871 --- [evaap-backend] [  restartedMain] com.zaxxer.hikari.pool.HikariPool        : HikariPool-4 - Added connection com.mysql.cj.jdbc.ConnectionImpl@1677d6f9
2026-07-23T11:27:56.638+05:30  INFO 31871 --- [evaap-backend] [  restartedMain] com.zaxxer.hikari.HikariDataSource       : HikariPool-4 - Start completed.
2026-07-23T11:27:56.640+05:30  INFO 31871 --- [evaap-backend] [  restartedMain] org.hibernate.orm.connections.pooling    : HHH10001005: Database info:
	Database JDBC URL [Connecting through datasource 'HikariDataSource (HikariPool-4)']
	Database driver: undefined/unknown
	Database version: 12.3.2
	Autocommit mode: undefined/unknown
	Isolation level: undefined/unknown
	Minimum pool size: undefined/unknown
	Maximum pool size: undefined/unknown
2026-07-23T11:27:59.643+05:30  INFO 31871 --- [evaap-backend] [  restartedMain] o.h.e.t.j.p.i.JtaPlatformInitiator       : HHH000489: No JTA platform available (set 'hibernate.transaction.jta.platform' to enable JTA platform integration)
Hibernate: 
    alter table documents 
       modify column storage_provider enum ('AWS_S3','LOCAL')
Hibernate: 
    alter table documents 
       modify column verification_status enum ('APPROVED','PENDING','REJECTED')
Hibernate: 
    alter table users 
       modify column account_status enum ('ACTIVE','DEACTIVATED','PENDING','SUSPENDED')
Hibernate: 
    alter table users 
       modify column public_id CHAR(36) not null
Hibernate: 
    alter table verification_requests 
       modify column status enum ('APPROVED','PENDING','REJECTED','UNDER_REVIEW')
2026-07-23T11:28:00.009+05:30  INFO 31871 --- [evaap-backend] [  restartedMain] j.LocalContainerEntityManagerFactoryBean : Initialized JPA EntityManagerFactory for persistence unit 'default'
2026-07-23T11:28:09.056+05:30  WARN 31871 --- [evaap-backend] [  restartedMain] JpaBaseConfiguration$JpaWebConfiguration : spring.jpa.open-in-view is enabled by default. Therefore, database queries may be performed during view rendering. Explicitly configure spring.jpa.open-in-view to disable this warning
2026-07-23T11:28:09.105+05:30  INFO 31871 --- [evaap-backend] [  restartedMain] eAuthenticationProviderManagerConfigurer : Global AuthenticationManager configured with AuthenticationProvider bean with name authenticationProvider
2026-07-23T11:28:09.105+05:30  WARN 31871 --- [evaap-backend] [  restartedMain] r$InitializeUserDetailsManagerConfigurer : Global AuthenticationManager configured with an AuthenticationProvider bean. UserDetailsService beans will not be used by Spring Security for automatically configuring username/password login. Consider removing the AuthenticationProvider bean. Alternatively, consider using the UserDetailsService in a manually instantiated DaoAuthenticationProvider. If the current configuration is intentional, to turn off this warning, increase the logging level of 'org.springframework.security.config.annotation.authentication.configuration.InitializeUserDetailsBeanManagerConfigurer' to ERROR
2026-07-23T11:28:09.171+05:30  INFO 31871 --- [evaap-backend] [  restartedMain] o.s.b.d.a.OptionalLiveReloadServer       : LiveReload server is running on port 35729
2026-07-23T11:28:09.177+05:30  INFO 31871 --- [evaap-backend] [  restartedMain] o.s.b.w.embedded.tomcat.TomcatWebServer  : Tomcat started on port 8080 (http) with context path '/'
2026-07-23T11:28:09.180+05:30  INFO 31871 --- [evaap-backend] [  restartedMain] com.evaap.EvaapBackendApplication        : Started EvaapBackendApplication in 128.99 seconds (process running for 6453.919)
2026-07-23T11:28:09.181+05:30  INFO 31871 --- [evaap-backend] [  restartedMain] .ConditionEvaluationDeltaLoggingListener : Condition evaluation unchanged
2026-07-23T11:30:05.098+05:30  INFO 31871 --- [evaap-backend] [nio-8080-exec-1] o.a.c.c.C.[Tomcat-1].[localhost].[/]     : Initializing Spring DispatcherServlet 'dispatcherServlet'
2026-07-23T11:30:05.100+05:30  INFO 31871 --- [evaap-backend] [nio-8080-exec-1] o.s.web.servlet.DispatcherServlet        : Initializing Servlet 'dispatcherServlet'
2026-07-23T11:30:05.109+05:30  INFO 31871 --- [evaap-backend] [nio-8080-exec-1] o.s.web.servlet.DispatcherServlet        : Completed initialization in 9 ms
Hibernate: 
    select
        u1_0.id 
    from
        users u1_0 
    where
        u1_0.email=? 
    limit
        ?
Hibernate: 
    select
        p1_0.id 
    from
        profiles p1_0 
    where
        p1_0.phone_number=? 
    limit
        ?
Hibernate: 
    select
        r1_0.id,
        r1_0.created_at,
        r1_0.description,
        r1_0.role_name 
    from
        roles r1_0 
    where
        r1_0.role_name=?
2026-07-23T11:30:07.205+05:30  WARN 31871 --- [evaap-backend] [nio-8080-exec-1] .m.m.a.ExceptionHandlerExceptionResolver : Resolved [com.evaap.exception.ResourceNotFoundException: Role not configured: CANDIDATE]
Hibernate: 
    select
        u1_0.id 
    from
        users u1_0 
    where
        u1_0.email=? 
    limit
        ?
Hibernate: 
    select
        p1_0.id 
    from
        profiles p1_0 
    where
        p1_0.phone_number=? 
    limit
        ?
Hibernate: 
    select
        r1_0.id,
        r1_0.created_at,
        r1_0.description,
        r1_0.role_name 
    from
        roles r1_0 
    where
        r1_0.role_name=?
2026-07-23T11:30:13.442+05:30  WARN 31871 --- [evaap-backend] [nio-8080-exec-2] .m.m.a.ExceptionHandlerExceptionResolver : Resolved [com.evaap.exception.ResourceNotFoundException: Role not configured: CANDIDATE]
Hibernate: 
    select
        u1_0.id 
    from
        users u1_0 
    where
        u1_0.email=? 
    limit
        ?
Hibernate: 
    select
        p1_0.id 
    from
        profiles p1_0 
    where
        p1_0.phone_number=? 
    limit
        ?
Hibernate: 
    select
        r1_0.id,
        r1_0.created_at,
        r1_0.description,
        r1_0.role_name 
    from
        roles r1_0 
    where
        r1_0.role_name=?
2026-07-23T11:30:14.326+05:30  WARN 31871 --- [evaap-backend] [nio-8080-exec-3] .m.m.a.ExceptionHandlerExceptionResolver : Resolved [com.evaap.exception.ResourceNotFoundException: Role not configured: CANDIDATE]
Hibernate: 
    select
        u1_0.id 
    from
        users u1_0 
    where
        u1_0.email=? 
    limit
        ?
Hibernate: 
    select
        p1_0.id 
    from
        profiles p1_0 
    where
        p1_0.phone_number=? 
    limit
        ?
Hibernate: 
    select
        r1_0.id,
        r1_0.created_at,
        r1_0.description,
        r1_0.role_name 
    from
        roles r1_0 
    where
        r1_0.role_name=?
2026-07-23T11:30:14.673+05:30  WARN 31871 --- [evaap-backend] [nio-8080-exec-4] .m.m.a.ExceptionHandlerExceptionResolver : Resolved [com.evaap.exception.ResourceNotFoundException: Role not configured: CANDIDATE]
2026-07-23T11:32:36.249+05:30  INFO 31871 --- [evaap-backend] [   File Watcher] rtingClassPathChangeChangedEventListener : Restarting due to 78 class path changes (0 additions, 78 deletions, 0 modifications)
2026-07-23T11:32:36.267+05:30  INFO 31871 --- [evaap-backend] [      Thread-14] o.s.b.w.e.tomcat.GracefulShutdown        : Commencing graceful shutdown. Waiting for active requests to complete
2026-07-23T11:32:36.277+05:30  INFO 31871 --- [evaap-backend] [tomcat-shutdown] o.s.b.w.e.tomcat.GracefulShutdown        : Graceful shutdown complete
2026-07-23T11:32:36.290+05:30  INFO 31871 --- [evaap-backend] [      Thread-14] j.LocalContainerEntityManagerFactoryBean : Closing JPA EntityManagerFactory for persistence unit 'default'
2026-07-23T11:32:36.296+05:30  INFO 31871 --- [evaap-backend] [      Thread-14] com.zaxxer.hikari.HikariDataSource       : HikariPool-4 - Shutdown initiated...
2026-07-23T11:32:36.302+05:30  INFO 31871 --- [evaap-backend] [      Thread-14] com.zaxxer.hikari.HikariDataSource       : HikariPool-4 - Shutdown completed.

  .   ____          _            __ _ _
 /\\ / ___'_ __ _ _(_)_ __  __ _ \ \ \ \
( ( )\___ | '_ | '_| | '_ \/ _` | \ \ \ \
 \\/  ___)| |_)| | | | | || (_| |  ) ) ) )
  '  |____| .__|_| |_|_| |_\__, | / / / /
 =========|_|==============|___/=/_/_/_/

 :: Spring Boot ::               (v3.5.16)

2026-07-23T11:32:36.404+05:30  INFO 31871 --- [evaap-backend] [  restartedMain] com.evaap.EvaapBackendApplication        : Starting EvaapBackendApplication using Java 21.0.2 with PID 31871 (/Users/nidhisshetty/Desktop/evaap-project/backend/target/classes started by nidhisshetty in /Users/nidhisshetty/Desktop/evaap-project/backend)
2026-07-23T11:32:36.405+05:30  INFO 31871 --- [evaap-backend] [  restartedMain] com.evaap.EvaapBackendApplication        : No active profile set, falling back to 1 default profile: "default"
2026-07-23T11:32:36.509+05:30  INFO 31871 --- [evaap-backend] [  restartedMain] .s.d.r.c.RepositoryConfigurationDelegate : Bootstrapping Spring Data JPA repositories in DEFAULT mode.
2026-07-23T11:32:36.511+05:30  INFO 31871 --- [evaap-backend] [  restartedMain] .s.d.r.c.RepositoryConfigurationDelegate : Finished Spring Data repository scanning in 0 ms. Found 0 JPA repository interfaces.
2026-07-23T11:32:36.574+05:30  INFO 31871 --- [evaap-backend] [  restartedMain] o.s.b.w.embedded.tomcat.TomcatWebServer  : Tomcat initialized with port 8080 (http)
2026-07-23T11:32:36.575+05:30  INFO 31871 --- [evaap-backend] [  restartedMain] o.apache.catalina.core.StandardService   : Starting service [Tomcat]
2026-07-23T11:32:36.575+05:30  INFO 31871 --- [evaap-backend] [  restartedMain] o.apache.catalina.core.StandardEngine    : Starting Servlet engine: [Apache Tomcat/10.1.55]
2026-07-23T11:32:36.584+05:30  INFO 31871 --- [evaap-backend] [  restartedMain] o.a.c.c.C.[Tomcat-1].[localhost].[/]     : Initializing Spring embedded WebApplicationContext
2026-07-23T11:32:36.584+05:30  INFO 31871 --- [evaap-backend] [  restartedMain] w.s.c.ServletWebServerApplicationContext : Root WebApplicationContext: initialization completed in 178 ms
2026-07-23T11:32:36.606+05:30  WARN 31871 --- [evaap-backend] [  restartedMain] ConfigServletWebServerApplicationContext : Exception encountered during context initialization - cancelling refresh attempt: org.springframework.beans.factory.BeanCreationException: Error creating bean with name 'entityManagerFactory' defined in class path resource [org/springframework/boot/autoconfigure/orm/jpa/HibernateJpaConfiguration.class]: Failed to initialize dependency 'dataSourceScriptDatabaseInitializer' of LoadTimeWeaverAware bean 'entityManagerFactory': Error creating bean with name 'dataSourceScriptDatabaseInitializer' defined in class path resource [org/springframework/boot/autoconfigure/sql/init/DataSourceInitializationConfiguration.class]: Unsatisfied dependency expressed through method 'dataSourceScriptDatabaseInitializer' parameter 0: Error creating bean with name 'dataSource' defined in class path resource [org/springframework/boot/autoconfigure/jdbc/DataSourceConfiguration$Hikari.class]: Failed to instantiate [com.zaxxer.hikari.HikariDataSource]: Factory method 'dataSource' threw exception with message: Failed to determine a suitable driver class
2026-07-23T11:32:36.606+05:30  INFO 31871 --- [evaap-backend] [  restartedMain] o.apache.catalina.core.StandardService   : Stopping service [Tomcat]
2026-07-23T11:32:36.615+05:30  INFO 31871 --- [evaap-backend] [  restartedMain] .s.b.a.l.ConditionEvaluationReportLogger : 

Error starting ApplicationContext. To display the condition evaluation report re-run your application with 'debug' enabled.
2026-07-23T11:32:36.616+05:30 ERROR 31871 --- [evaap-backend] [  restartedMain] o.s.b.d.LoggingFailureAnalysisReporter   : 

***************************
APPLICATION FAILED TO START
***************************

Description:

Failed to configure a DataSource: 'url' attribute is not specified and no embedded datasource could be configured.

Reason: Failed to determine a suitable driver class


Action:

Consider the following:
	If you want an embedded database (H2, HSQL or Derby), please put it on the classpath.
	If you have database settings to be loaded from a particular profile you may need to activate it (no profiles are currently active).


  .   ____          _            __ _ _
 /\\ / ___'_ __ _ _(_)_ __  __ _ \ \ \ \
( ( )\___ | '_ | '_| | '_ \/ _` | \ \ \ \
 \\/  ___)| |_)| | | | | || (_| |  ) ) ) )
  '  |____| .__|_| |_|_| |_\__, | / / / /
 =========|_|==============|___/=/_/_/_/

 :: Spring Boot ::               (v3.5.16)

2026-07-23T11:32:55.630+05:30  INFO 31871 --- [evaap-backend] [  restartedMain] com.evaap.EvaapBackendApplication        : Starting EvaapBackendApplication using Java 21.0.2 with PID 31871 (/Users/nidhisshetty/Desktop/evaap-project/backend/target/classes started by nidhisshetty in /Users/nidhisshetty/Desktop/evaap-project/backend)
2026-07-23T11:32:55.631+05:30  INFO 31871 --- [evaap-backend] [  restartedMain] com.evaap.EvaapBackendApplication        : No active profile set, falling back to 1 default profile: "default"
2026-07-23T11:32:55.776+05:30  INFO 31871 --- [evaap-backend] [  restartedMain] .s.d.r.c.RepositoryConfigurationDelegate : Bootstrapping Spring Data JPA repositories in DEFAULT mode.
2026-07-23T11:32:55.784+05:30  INFO 31871 --- [evaap-backend] [  restartedMain] .s.d.r.c.RepositoryConfigurationDelegate : Finished Spring Data repository scanning in 7 ms. Found 6 JPA repository interfaces.
2026-07-23T11:32:55.841+05:30  INFO 31871 --- [evaap-backend] [  restartedMain] o.s.b.w.embedded.tomcat.TomcatWebServer  : Tomcat initialized with port 8080 (http)
2026-07-23T11:32:55.842+05:30  INFO 31871 --- [evaap-backend] [  restartedMain] o.apache.catalina.core.StandardService   : Starting service [Tomcat]
2026-07-23T11:32:55.842+05:30  INFO 31871 --- [evaap-backend] [  restartedMain] o.apache.catalina.core.StandardEngine    : Starting Servlet engine: [Apache Tomcat/10.1.55]
2026-07-23T11:32:55.853+05:30  INFO 31871 --- [evaap-backend] [  restartedMain] o.a.c.c.C.[Tomcat-2].[localhost].[/]     : Initializing Spring embedded WebApplicationContext
2026-07-23T11:32:55.853+05:30  INFO 31871 --- [evaap-backend] [  restartedMain] w.s.c.ServletWebServerApplicationContext : Root WebApplicationContext: initialization completed in 221 ms
2026-07-23T11:32:55.858+05:30 ERROR 31871 --- [evaap-backend] [  restartedMain] o.s.b.web.embedded.tomcat.TomcatStarter  : Error starting Tomcat context. Exception: org.springframework.beans.factory.UnsatisfiedDependencyException. Message: Error creating bean with name 'jwtAuthenticationFilter' defined in file [/Users/nidhisshetty/Desktop/evaap-project/backend/target/classes/com/evaap/security/JwtAuthenticationFilter.class]: Unsatisfied dependency expressed through constructor parameter 0: Error creating bean with name 'jwtTokenProvider' defined in file [/Users/nidhisshetty/Desktop/evaap-project/backend/target/classes/com/evaap/security/JwtTokenProvider.class]: Unexpected exception during bean creation
2026-07-23T11:32:55.860+05:30  INFO 31871 --- [evaap-backend] [  restartedMain] o.apache.catalina.core.StandardService   : Stopping service [Tomcat]
2026-07-23T11:32:55.862+05:30  WARN 31871 --- [evaap-backend] [  restartedMain] ConfigServletWebServerApplicationContext : Exception encountered during context initialization - cancelling refresh attempt: org.springframework.context.ApplicationContextException: Unable to start web server
2026-07-23T11:32:55.864+05:30  INFO 31871 --- [evaap-backend] [  restartedMain] .s.b.a.l.ConditionEvaluationReportLogger : 

Error starting ApplicationContext. To display the condition evaluation report re-run your application with 'debug' enabled.
2026-07-23T11:32:55.865+05:30 ERROR 31871 --- [evaap-backend] [  restartedMain] o.s.boot.SpringApplication               : Application run failed

org.springframework.context.ApplicationContextException: Unable to start web server
	at org.springframework.boot.web.servlet.context.ServletWebServerApplicationContext.onRefresh(ServletWebServerApplicationContext.java:170) ~[spring-boot-3.5.16.jar:3.5.16]
	at org.springframework.context.support.AbstractApplicationContext.refresh(AbstractApplicationContext.java:622) ~[spring-context-6.2.19.jar:6.2.19]
	at org.springframework.boot.web.servlet.context.ServletWebServerApplicationContext.refresh(ServletWebServerApplicationContext.java:146) ~[spring-boot-3.5.16.jar:3.5.16]
	at org.springframework.boot.SpringApplication.refresh(SpringApplication.java:752) ~[spring-boot-3.5.16.jar:3.5.16]
	at org.springframework.boot.SpringApplication.refreshContext(SpringApplication.java:439) ~[spring-boot-3.5.16.jar:3.5.16]
	at org.springframework.boot.SpringApplication.run(SpringApplication.java:318) ~[spring-boot-3.5.16.jar:3.5.16]
	at org.springframework.boot.SpringApplication.run(SpringApplication.java:1361) ~[spring-boot-3.5.16.jar:3.5.16]
	at org.springframework.boot.SpringApplication.run(SpringApplication.java:1350) ~[spring-boot-3.5.16.jar:3.5.16]
	at com.evaap.EvaapBackendApplication.main(EvaapBackendApplication.java:9) ~[classes/:na]
	at java.base/jdk.internal.reflect.DirectMethodHandleAccessor.invoke(DirectMethodHandleAccessor.java:103) ~[na:na]
	at java.base/java.lang.reflect.Method.invoke(Method.java:580) ~[na:na]
	at org.springframework.boot.devtools.restart.RestartLauncher.run(RestartLauncher.java:50) ~[spring-boot-devtools-3.5.16.jar:3.5.16]
Caused by: org.springframework.boot.web.server.WebServerException: Unable to start embedded Tomcat
	at org.springframework.boot.web.embedded.tomcat.TomcatWebServer.initialize(TomcatWebServer.java:147) ~[spring-boot-3.5.16.jar:3.5.16]
	at org.springframework.boot.web.embedded.tomcat.TomcatWebServer.<init>(TomcatWebServer.java:107) ~[spring-boot-3.5.16.jar:3.5.16]
	at org.springframework.boot.web.embedded.tomcat.TomcatServletWebServerFactory.getTomcatWebServer(TomcatServletWebServerFactory.java:517) ~[spring-boot-3.5.16.jar:3.5.16]
	at org.springframework.boot.web.embedded.tomcat.TomcatServletWebServerFactory.getWebServer(TomcatServletWebServerFactory.java:219) ~[spring-boot-3.5.16.jar:3.5.16]
	at org.springframework.boot.web.servlet.context.ServletWebServerApplicationContext.createWebServer(ServletWebServerApplicationContext.java:193) ~[spring-boot-3.5.16.jar:3.5.16]
	at org.springframework.boot.web.servlet.context.ServletWebServerApplicationContext.onRefresh(ServletWebServerApplicationContext.java:167) ~[spring-boot-3.5.16.jar:3.5.16]
	... 11 common frames omitted
Caused by: org.springframework.beans.factory.UnsatisfiedDependencyException: Error creating bean with name 'jwtAuthenticationFilter' defined in file [/Users/nidhisshetty/Desktop/evaap-project/backend/target/classes/com/evaap/security/JwtAuthenticationFilter.class]: Unsatisfied dependency expressed through constructor parameter 0: Error creating bean with name 'jwtTokenProvider' defined in file [/Users/nidhisshetty/Desktop/evaap-project/backend/target/classes/com/evaap/security/JwtTokenProvider.class]: Unexpected exception during bean creation
	at org.springframework.beans.factory.support.ConstructorResolver.createArgumentArray(ConstructorResolver.java:804) ~[spring-beans-6.2.19.jar:6.2.19]
	at org.springframework.beans.factory.support.ConstructorResolver.autowireConstructor(ConstructorResolver.java:240) ~[spring-beans-6.2.19.jar:6.2.19]
	at org.springframework.beans.factory.support.AbstractAutowireCapableBeanFactory.autowireConstructor(AbstractAutowireCapableBeanFactory.java:1393) ~[spring-beans-6.2.19.jar:6.2.19]
	at org.springframework.beans.factory.support.AbstractAutowireCapableBeanFactory.createBeanInstance(AbstractAutowireCapableBeanFactory.java:1230) ~[spring-beans-6.2.19.jar:6.2.19]
	at org.springframework.beans.factory.support.AbstractAutowireCapableBeanFactory.doCreateBean(AbstractAutowireCapableBeanFactory.java:569) ~[spring-beans-6.2.19.jar:6.2.19]
	at org.springframework.beans.factory.support.AbstractAutowireCapableBeanFactory.createBean(AbstractAutowireCapableBeanFactory.java:529) ~[spring-beans-6.2.19.jar:6.2.19]
	at org.springframework.beans.factory.support.AbstractBeanFactory.lambda$doGetBean$0(AbstractBeanFactory.java:339) ~[spring-beans-6.2.19.jar:6.2.19]
	at org.springframework.beans.factory.support.DefaultSingletonBeanRegistry.getSingleton(DefaultSingletonBeanRegistry.java:373) ~[spring-beans-6.2.19.jar:6.2.19]
	at org.springframework.beans.factory.support.AbstractBeanFactory.doGetBean(AbstractBeanFactory.java:337) ~[spring-beans-6.2.19.jar:6.2.19]
	at org.springframework.beans.factory.support.AbstractBeanFactory.getBean(AbstractBeanFactory.java:207) ~[spring-beans-6.2.19.jar:6.2.19]
	at org.springframework.boot.web.servlet.ServletContextInitializerBeans.getOrderedBeansOfType(ServletContextInitializerBeans.java:230) ~[spring-boot-3.5.16.jar:3.5.16]
	at org.springframework.boot.web.servlet.ServletContextInitializerBeans.addAsRegistrationBean(ServletContextInitializerBeans.java:184) ~[spring-boot-3.5.16.jar:3.5.16]
	at org.springframework.boot.web.servlet.ServletContextInitializerBeans.addAsRegistrationBean(ServletContextInitializerBeans.java:179) ~[spring-boot-3.5.16.jar:3.5.16]
	at org.springframework.boot.web.servlet.ServletContextInitializerBeans.addAdaptableBeans(ServletContextInitializerBeans.java:164) ~[spring-boot-3.5.16.jar:3.5.16]
	at org.springframework.boot.web.servlet.ServletContextInitializerBeans.<init>(ServletContextInitializerBeans.java:96) ~[spring-boot-3.5.16.jar:3.5.16]
	at org.springframework.boot.web.servlet.context.ServletWebServerApplicationContext.getServletContextInitializerBeans(ServletWebServerApplicationContext.java:271) ~[spring-boot-3.5.16.jar:3.5.16]
	at org.springframework.boot.web.servlet.context.ServletWebServerApplicationContext.selfInitialize(ServletWebServerApplicationContext.java:245) ~[spring-boot-3.5.16.jar:3.5.16]
	at org.springframework.boot.web.embedded.tomcat.TomcatStarter.onStartup(TomcatStarter.java:52) ~[spring-boot-3.5.16.jar:3.5.16]
	at org.apache.catalina.core.StandardContext.startInternal(StandardContext.java:4456) ~[tomcat-embed-core-10.1.55.jar:10.1.55]
	at org.apache.catalina.util.LifecycleBase.start(LifecycleBase.java:164) ~[tomcat-embed-core-10.1.55.jar:10.1.55]
	at org.apache.catalina.core.ContainerBase$StartChild.call(ContainerBase.java:1201) ~[tomcat-embed-core-10.1.55.jar:10.1.55]
	at org.apache.catalina.core.ContainerBase$StartChild.call(ContainerBase.java:1191) ~[tomcat-embed-core-10.1.55.jar:10.1.55]
	at java.base/java.util.concurrent.FutureTask.run(FutureTask.java:317) ~[na:na]
	at org.apache.tomcat.util.threads.InlineExecutorService.execute(InlineExecutorService.java:81) ~[tomcat-embed-core-10.1.55.jar:10.1.55]
	at java.base/java.util.concurrent.AbstractExecutorService.submit(AbstractExecutorService.java:145) ~[na:na]
	at org.apache.catalina.core.ContainerBase.startInternal(ContainerBase.java:747) ~[tomcat-embed-core-10.1.55.jar:10.1.55]
	at org.apache.catalina.core.StandardHost.startInternal(StandardHost.java:783) ~[tomcat-embed-core-10.1.55.jar:10.1.55]
	at org.apache.catalina.util.LifecycleBase.start(LifecycleBase.java:164) ~[tomcat-embed-core-10.1.55.jar:10.1.55]
	at org.apache.catalina.core.ContainerBase$StartChild.call(ContainerBase.java:1201) ~[tomcat-embed-core-10.1.55.jar:10.1.55]
	at org.apache.catalina.core.ContainerBase$StartChild.call(ContainerBase.java:1191) ~[tomcat-embed-core-10.1.55.jar:10.1.55]
	at java.base/java.util.concurrent.FutureTask.run(FutureTask.java:317) ~[na:na]
	at org.apache.tomcat.util.threads.InlineExecutorService.execute(InlineExecutorService.java:81) ~[tomcat-embed-core-10.1.55.jar:10.1.55]
	at java.base/java.util.concurrent.AbstractExecutorService.submit(AbstractExecutorService.java:145) ~[na:na]
	at org.apache.catalina.core.ContainerBase.startInternal(ContainerBase.java:747) ~[tomcat-embed-core-10.1.55.jar:10.1.55]
	at org.apache.catalina.core.StandardEngine.startInternal(StandardEngine.java:201) ~[tomcat-embed-core-10.1.55.jar:10.1.55]
	at org.apache.catalina.util.LifecycleBase.start(LifecycleBase.java:164) ~[tomcat-embed-core-10.1.55.jar:10.1.55]
	at org.apache.catalina.core.StandardService.startInternal(StandardService.java:410) ~[tomcat-embed-core-10.1.55.jar:10.1.55]
	at org.apache.catalina.util.LifecycleBase.start(LifecycleBase.java:164) ~[tomcat-embed-core-10.1.55.jar:10.1.55]
	at org.apache.catalina.core.StandardServer.startInternal(StandardServer.java:868) ~[tomcat-embed-core-10.1.55.jar:10.1.55]
	at org.apache.catalina.util.LifecycleBase.start(LifecycleBase.java:164) ~[tomcat-embed-core-10.1.55.jar:10.1.55]
	at org.apache.catalina.startup.Tomcat.start(Tomcat.java:436) ~[tomcat-embed-core-10.1.55.jar:10.1.55]
	at org.springframework.boot.web.embedded.tomcat.TomcatWebServer.initialize(TomcatWebServer.java:128) ~[spring-boot-3.5.16.jar:3.5.16]
	... 16 common frames omitted
Caused by: org.springframework.beans.factory.BeanCreationException: Error creating bean with name 'jwtTokenProvider' defined in file [/Users/nidhisshetty/Desktop/evaap-project/backend/target/classes/com/evaap/security/JwtTokenProvider.class]: Unexpected exception during bean creation
	at org.springframework.beans.factory.support.AbstractAutowireCapableBeanFactory.createBean(AbstractAutowireCapableBeanFactory.java:542) ~[spring-beans-6.2.19.jar:6.2.19]
	at org.springframework.beans.factory.support.AbstractBeanFactory.lambda$doGetBean$0(AbstractBeanFactory.java:339) ~[spring-beans-6.2.19.jar:6.2.19]
	at org.springframework.beans.factory.support.DefaultSingletonBeanRegistry.getSingleton(DefaultSingletonBeanRegistry.java:373) ~[spring-beans-6.2.19.jar:6.2.19]
	at org.springframework.beans.factory.support.AbstractBeanFactory.doGetBean(AbstractBeanFactory.java:337) ~[spring-beans-6.2.19.jar:6.2.19]
	at org.springframework.beans.factory.support.AbstractBeanFactory.getBean(AbstractBeanFactory.java:202) ~[spring-beans-6.2.19.jar:6.2.19]
	at org.springframework.beans.factory.support.DefaultListableBeanFactory.doResolveDependency(DefaultListableBeanFactory.java:1715) ~[spring-beans-6.2.19.jar:6.2.19]
	at org.springframework.beans.factory.support.DefaultListableBeanFactory.resolveDependency(DefaultListableBeanFactory.java:1660) ~[spring-beans-6.2.19.jar:6.2.19]
	at org.springframework.beans.factory.support.ConstructorResolver.resolveAutowiredArgument(ConstructorResolver.java:913) ~[spring-beans-6.2.19.jar:6.2.19]
	at org.springframework.beans.factory.support.ConstructorResolver.createArgumentArray(ConstructorResolver.java:791) ~[spring-beans-6.2.19.jar:6.2.19]
	... 57 common frames omitted
Caused by: org.springframework.util.PlaceholderResolutionException: Could not resolve placeholder 'app.jwt.secret' in value "${app.jwt.secret}"
	at org.springframework.util.PlaceholderResolutionException.withValue(PlaceholderResolutionException.java:81) ~[spring-core-6.2.19.jar:6.2.19]
	at org.springframework.util.PlaceholderParser$ParsedValue.resolve(PlaceholderParser.java:298) ~[spring-core-6.2.19.jar:6.2.19]
	at org.springframework.util.PlaceholderParser.replacePlaceholders(PlaceholderParser.java:131) ~[spring-core-6.2.19.jar:6.2.19]
	at org.springframework.util.PropertyPlaceholderHelper.replacePlaceholders(PropertyPlaceholderHelper.java:114) ~[spring-core-6.2.19.jar:6.2.19]
	at org.springframework.core.env.AbstractPropertyResolver.doResolvePlaceholders(AbstractPropertyResolver.java:293) ~[spring-core-6.2.19.jar:6.2.19]
	at org.springframework.core.env.AbstractPropertyResolver.resolveRequiredPlaceholders(AbstractPropertyResolver.java:264) ~[spring-core-6.2.19.jar:6.2.19]
	at org.springframework.context.support.PropertySourcesPlaceholderConfigurer.lambda$processProperties$0(PropertySourcesPlaceholderConfigurer.java:186) ~[spring-context-6.2.19.jar:6.2.19]
	at org.springframework.beans.factory.support.AbstractBeanFactory.resolveEmbeddedValue(AbstractBeanFactory.java:970) ~[spring-beans-6.2.19.jar:6.2.19]
	at org.springframework.beans.factory.support.DefaultListableBeanFactory.doResolveDependency(DefaultListableBeanFactory.java:1682) ~[spring-beans-6.2.19.jar:6.2.19]
	at org.springframework.beans.factory.support.DefaultListableBeanFactory.resolveDependency(DefaultListableBeanFactory.java:1660) ~[spring-beans-6.2.19.jar:6.2.19]
	at org.springframework.beans.factory.support.ConstructorResolver.resolveAutowiredArgument(ConstructorResolver.java:913) ~[spring-beans-6.2.19.jar:6.2.19]
	at org.springframework.beans.factory.support.ConstructorResolver.createArgumentArray(ConstructorResolver.java:791) ~[spring-beans-6.2.19.jar:6.2.19]
	at org.springframework.beans.factory.support.ConstructorResolver.autowireConstructor(ConstructorResolver.java:240) ~[spring-beans-6.2.19.jar:6.2.19]
	at org.springframework.beans.factory.support.AbstractAutowireCapableBeanFactory.autowireConstructor(AbstractAutowireCapableBeanFactory.java:1393) ~[spring-beans-6.2.19.jar:6.2.19]
	at org.springframework.beans.factory.support.AbstractAutowireCapableBeanFactory.createBeanInstance(AbstractAutowireCapableBeanFactory.java:1230) ~[spring-beans-6.2.19.jar:6.2.19]
	at org.springframework.beans.factory.support.AbstractAutowireCapableBeanFactory.doCreateBean(AbstractAutowireCapableBeanFactory.java:569) ~[spring-beans-6.2.19.jar:6.2.19]
	at org.springframework.beans.factory.support.AbstractAutowireCapableBeanFactory.createBean(AbstractAutowireCapableBeanFactory.java:529) ~[spring-beans-6.2.19.jar:6.2.19]
	... 65 common frames omitted


  .   ____          _            __ _ _
 /\\ / ___'_ __ _ _(_)_ __  __ _ \ \ \ \
( ( )\___ | '_ | '_| | '_ \/ _` | \ \ \ \
 \\/  ___)| |_)| | | | | || (_| |  ) ) ) )
  '  |____| .__|_| |_|_| |_\__, | / / / /
 =========|_|==============|___/=/_/_/_/

 :: Spring Boot ::               (v3.5.16)

2026-07-23T11:33:00.403+05:30  INFO 31871 --- [evaap-backend] [  restartedMain] com.evaap.EvaapBackendApplication        : Starting EvaapBackendApplication using Java 21.0.2 with PID 31871 (/Users/nidhisshetty/Desktop/evaap-project/backend/target/classes started by nidhisshetty in /Users/nidhisshetty/Desktop/evaap-project/backend)
2026-07-23T11:33:00.404+05:30  INFO 31871 --- [evaap-backend] [  restartedMain] com.evaap.EvaapBackendApplication        : No active profile set, falling back to 1 default profile: "default"
2026-07-23T11:33:00.545+05:30  INFO 31871 --- [evaap-backend] [  restartedMain] .s.d.r.c.RepositoryConfigurationDelegate : Bootstrapping Spring Data JPA repositories in DEFAULT mode.
2026-07-23T11:33:00.554+05:30  INFO 31871 --- [evaap-backend] [  restartedMain] .s.d.r.c.RepositoryConfigurationDelegate : Finished Spring Data repository scanning in 8 ms. Found 6 JPA repository interfaces.
2026-07-23T11:33:00.600+05:30  INFO 31871 --- [evaap-backend] [  restartedMain] o.s.b.w.embedded.tomcat.TomcatWebServer  : Tomcat initialized with port 8080 (http)
2026-07-23T11:33:00.601+05:30  INFO 31871 --- [evaap-backend] [  restartedMain] o.apache.catalina.core.StandardService   : Starting service [Tomcat]
2026-07-23T11:33:00.601+05:30  INFO 31871 --- [evaap-backend] [  restartedMain] o.apache.catalina.core.StandardEngine    : Starting Servlet engine: [Apache Tomcat/10.1.55]
2026-07-23T11:33:00.606+05:30  INFO 31871 --- [evaap-backend] [  restartedMain] o.a.c.c.C.[Tomcat-3].[localhost].[/]     : Initializing Spring embedded WebApplicationContext
2026-07-23T11:33:00.606+05:30  INFO 31871 --- [evaap-backend] [  restartedMain] w.s.c.ServletWebServerApplicationContext : Root WebApplicationContext: initialization completed in 200 ms
2026-07-23T11:33:00.609+05:30 ERROR 31871 --- [evaap-backend] [  restartedMain] o.s.b.web.embedded.tomcat.TomcatStarter  : Error starting Tomcat context. Exception: org.springframework.beans.factory.UnsatisfiedDependencyException. Message: Error creating bean with name 'jwtAuthenticationFilter' defined in file [/Users/nidhisshetty/Desktop/evaap-project/backend/target/classes/com/evaap/security/JwtAuthenticationFilter.class]: Unsatisfied dependency expressed through constructor parameter 0: Error creating bean with name 'jwtTokenProvider' defined in file [/Users/nidhisshetty/Desktop/evaap-project/backend/target/classes/com/evaap/security/JwtTokenProvider.class]: Unexpected exception during bean creation
2026-07-23T11:33:00.610+05:30  INFO 31871 --- [evaap-backend] [  restartedMain] o.apache.catalina.core.StandardService   : Stopping service [Tomcat]
2026-07-23T11:33:00.612+05:30  WARN 31871 --- [evaap-backend] [  restartedMain] ConfigServletWebServerApplicationContext : Exception encountered during context initialization - cancelling refresh attempt: org.springframework.context.ApplicationContextException: Unable to start web server
2026-07-23T11:33:00.614+05:30  INFO 31871 --- [evaap-backend] [  restartedMain] .s.b.a.l.ConditionEvaluationReportLogger : 

Error starting ApplicationContext. To display the condition evaluation report re-run your application with 'debug' enabled.
2026-07-23T11:33:00.615+05:30 ERROR 31871 --- [evaap-backend] [  restartedMain] o.s.boot.SpringApplication               : Application run failed

org.springframework.context.ApplicationContextException: Unable to start web server
	at org.springframework.boot.web.servlet.context.ServletWebServerApplicationContext.onRefresh(ServletWebServerApplicationContext.java:170) ~[spring-boot-3.5.16.jar:3.5.16]
	at org.springframework.context.support.AbstractApplicationContext.refresh(AbstractApplicationContext.java:622) ~[spring-context-6.2.19.jar:6.2.19]
	at org.springframework.boot.web.servlet.context.ServletWebServerApplicationContext.refresh(ServletWebServerApplicationContext.java:146) ~[spring-boot-3.5.16.jar:3.5.16]
	at org.springframework.boot.SpringApplication.refresh(SpringApplication.java:752) ~[spring-boot-3.5.16.jar:3.5.16]
	at org.springframework.boot.SpringApplication.refreshContext(SpringApplication.java:439) ~[spring-boot-3.5.16.jar:3.5.16]
	at org.springframework.boot.SpringApplication.run(SpringApplication.java:318) ~[spring-boot-3.5.16.jar:3.5.16]
	at org.springframework.boot.SpringApplication.run(SpringApplication.java:1361) ~[spring-boot-3.5.16.jar:3.5.16]
	at org.springframework.boot.SpringApplication.run(SpringApplication.java:1350) ~[spring-boot-3.5.16.jar:3.5.16]
	at com.evaap.EvaapBackendApplication.main(EvaapBackendApplication.java:9) ~[classes/:na]
	at java.base/jdk.internal.reflect.DirectMethodHandleAccessor.invoke(DirectMethodHandleAccessor.java:103) ~[na:na]
	at java.base/java.lang.reflect.Method.invoke(Method.java:580) ~[na:na]
	at org.springframework.boot.devtools.restart.RestartLauncher.run(RestartLauncher.java:50) ~[spring-boot-devtools-3.5.16.jar:3.5.16]
Caused by: org.springframework.boot.web.server.WebServerException: Unable to start embedded Tomcat
	at org.springframework.boot.web.embedded.tomcat.TomcatWebServer.initialize(TomcatWebServer.java:147) ~[spring-boot-3.5.16.jar:3.5.16]
	at org.springframework.boot.web.embedded.tomcat.TomcatWebServer.<init>(TomcatWebServer.java:107) ~[spring-boot-3.5.16.jar:3.5.16]
	at org.springframework.boot.web.embedded.tomcat.TomcatServletWebServerFactory.getTomcatWebServer(TomcatServletWebServerFactory.java:517) ~[spring-boot-3.5.16.jar:3.5.16]
	at org.springframework.boot.web.embedded.tomcat.TomcatServletWebServerFactory.getWebServer(TomcatServletWebServerFactory.java:219) ~[spring-boot-3.5.16.jar:3.5.16]
	at org.springframework.boot.web.servlet.context.ServletWebServerApplicationContext.createWebServer(ServletWebServerApplicationContext.java:193) ~[spring-boot-3.5.16.jar:3.5.16]
	at org.springframework.boot.web.servlet.context.ServletWebServerApplicationContext.onRefresh(ServletWebServerApplicationContext.java:167) ~[spring-boot-3.5.16.jar:3.5.16]
	... 11 common frames omitted
Caused by: org.springframework.beans.factory.UnsatisfiedDependencyException: Error creating bean with name 'jwtAuthenticationFilter' defined in file [/Users/nidhisshetty/Desktop/evaap-project/backend/target/classes/com/evaap/security/JwtAuthenticationFilter.class]: Unsatisfied dependency expressed through constructor parameter 0: Error creating bean with name 'jwtTokenProvider' defined in file [/Users/nidhisshetty/Desktop/evaap-project/backend/target/classes/com/evaap/security/JwtTokenProvider.class]: Unexpected exception during bean creation
	at org.springframework.beans.factory.support.ConstructorResolver.createArgumentArray(ConstructorResolver.java:804) ~[spring-beans-6.2.19.jar:6.2.19]
	at org.springframework.beans.factory.support.ConstructorResolver.autowireConstructor(ConstructorResolver.java:240) ~[spring-beans-6.2.19.jar:6.2.19]
	at org.springframework.beans.factory.support.AbstractAutowireCapableBeanFactory.autowireConstructor(AbstractAutowireCapableBeanFactory.java:1393) ~[spring-beans-6.2.19.jar:6.2.19]
	at org.springframework.beans.factory.support.AbstractAutowireCapableBeanFactory.createBeanInstance(AbstractAutowireCapableBeanFactory.java:1230) ~[spring-beans-6.2.19.jar:6.2.19]
	at org.springframework.beans.factory.support.AbstractAutowireCapableBeanFactory.doCreateBean(AbstractAutowireCapableBeanFactory.java:569) ~[spring-beans-6.2.19.jar:6.2.19]
	at org.springframework.beans.factory.support.AbstractAutowireCapableBeanFactory.createBean(AbstractAutowireCapableBeanFactory.java:529) ~[spring-beans-6.2.19.jar:6.2.19]
	at org.springframework.beans.factory.support.AbstractBeanFactory.lambda$doGetBean$0(AbstractBeanFactory.java:339) ~[spring-beans-6.2.19.jar:6.2.19]
	at org.springframework.beans.factory.support.DefaultSingletonBeanRegistry.getSingleton(DefaultSingletonBeanRegistry.java:373) ~[spring-beans-6.2.19.jar:6.2.19]
	at org.springframework.beans.factory.support.AbstractBeanFactory.doGetBean(AbstractBeanFactory.java:337) ~[spring-beans-6.2.19.jar:6.2.19]
	at org.springframework.beans.factory.support.AbstractBeanFactory.getBean(AbstractBeanFactory.java:207) ~[spring-beans-6.2.19.jar:6.2.19]
	at org.springframework.boot.web.servlet.ServletContextInitializerBeans.getOrderedBeansOfType(ServletContextInitializerBeans.java:230) ~[spring-boot-3.5.16.jar:3.5.16]
	at org.springframework.boot.web.servlet.ServletContextInitializerBeans.addAsRegistrationBean(ServletContextInitializerBeans.java:184) ~[spring-boot-3.5.16.jar:3.5.16]
	at org.springframework.boot.web.servlet.ServletContextInitializerBeans.addAsRegistrationBean(ServletContextInitializerBeans.java:179) ~[spring-boot-3.5.16.jar:3.5.16]
	at org.springframework.boot.web.servlet.ServletContextInitializerBeans.addAdaptableBeans(ServletContextInitializerBeans.java:164) ~[spring-boot-3.5.16.jar:3.5.16]
	at org.springframework.boot.web.servlet.ServletContextInitializerBeans.<init>(ServletContextInitializerBeans.java:96) ~[spring-boot-3.5.16.jar:3.5.16]
	at org.springframework.boot.web.servlet.context.ServletWebServerApplicationContext.getServletContextInitializerBeans(ServletWebServerApplicationContext.java:271) ~[spring-boot-3.5.16.jar:3.5.16]
	at org.springframework.boot.web.servlet.context.ServletWebServerApplicationContext.selfInitialize(ServletWebServerApplicationContext.java:245) ~[spring-boot-3.5.16.jar:3.5.16]
	at org.springframework.boot.web.embedded.tomcat.TomcatStarter.onStartup(TomcatStarter.java:52) ~[spring-boot-3.5.16.jar:3.5.16]
	at org.apache.catalina.core.StandardContext.startInternal(StandardContext.java:4456) ~[tomcat-embed-core-10.1.55.jar:10.1.55]
	at org.apache.catalina.util.LifecycleBase.start(LifecycleBase.java:164) ~[tomcat-embed-core-10.1.55.jar:10.1.55]
	at org.apache.catalina.core.ContainerBase$StartChild.call(ContainerBase.java:1201) ~[tomcat-embed-core-10.1.55.jar:10.1.55]
	at org.apache.catalina.core.ContainerBase$StartChild.call(ContainerBase.java:1191) ~[tomcat-embed-core-10.1.55.jar:10.1.55]
	at java.base/java.util.concurrent.FutureTask.run(FutureTask.java:317) ~[na:na]
	at org.apache.tomcat.util.threads.InlineExecutorService.execute(InlineExecutorService.java:81) ~[tomcat-embed-core-10.1.55.jar:10.1.55]
	at java.base/java.util.concurrent.AbstractExecutorService.submit(AbstractExecutorService.java:145) ~[na:na]
	at org.apache.catalina.core.ContainerBase.startInternal(ContainerBase.java:747) ~[tomcat-embed-core-10.1.55.jar:10.1.55]
	at org.apache.catalina.core.StandardHost.startInternal(StandardHost.java:783) ~[tomcat-embed-core-10.1.55.jar:10.1.55]
	at org.apache.catalina.util.LifecycleBase.start(LifecycleBase.java:164) ~[tomcat-embed-core-10.1.55.jar:10.1.55]
	at org.apache.catalina.core.ContainerBase$StartChild.call(ContainerBase.java:1201) ~[tomcat-embed-core-10.1.55.jar:10.1.55]
	at org.apache.catalina.core.ContainerBase$StartChild.call(ContainerBase.java:1191) ~[tomcat-embed-core-10.1.55.jar:10.1.55]
	at java.base/java.util.concurrent.FutureTask.run(FutureTask.java:317) ~[na:na]
	at org.apache.tomcat.util.threads.InlineExecutorService.execute(InlineExecutorService.java:81) ~[tomcat-embed-core-10.1.55.jar:10.1.55]
	at java.base/java.util.concurrent.AbstractExecutorService.submit(AbstractExecutorService.java:145) ~[na:na]
	at org.apache.catalina.core.ContainerBase.startInternal(ContainerBase.java:747) ~[tomcat-embed-core-10.1.55.jar:10.1.55]
	at org.apache.catalina.core.StandardEngine.startInternal(StandardEngine.java:201) ~[tomcat-embed-core-10.1.55.jar:10.1.55]
	at org.apache.catalina.util.LifecycleBase.start(LifecycleBase.java:164) ~[tomcat-embed-core-10.1.55.jar:10.1.55]
	at org.apache.catalina.core.StandardService.startInternal(StandardService.java:410) ~[tomcat-embed-core-10.1.55.jar:10.1.55]
	at org.apache.catalina.util.LifecycleBase.start(LifecycleBase.java:164) ~[tomcat-embed-core-10.1.55.jar:10.1.55]
	at org.apache.catalina.core.StandardServer.startInternal(StandardServer.java:868) ~[tomcat-embed-core-10.1.55.jar:10.1.55]
	at org.apache.catalina.util.LifecycleBase.start(LifecycleBase.java:164) ~[tomcat-embed-core-10.1.55.jar:10.1.55]
	at org.apache.catalina.startup.Tomcat.start(Tomcat.java:436) ~[tomcat-embed-core-10.1.55.jar:10.1.55]
	at org.springframework.boot.web.embedded.tomcat.TomcatWebServer.initialize(TomcatWebServer.java:128) ~[spring-boot-3.5.16.jar:3.5.16]
	... 16 common frames omitted
Caused by: org.springframework.beans.factory.BeanCreationException: Error creating bean with name 'jwtTokenProvider' defined in file [/Users/nidhisshetty/Desktop/evaap-project/backend/target/classes/com/evaap/security/JwtTokenProvider.class]: Unexpected exception during bean creation
	at org.springframework.beans.factory.support.AbstractAutowireCapableBeanFactory.createBean(AbstractAutowireCapableBeanFactory.java:542) ~[spring-beans-6.2.19.jar:6.2.19]
	at org.springframework.beans.factory.support.AbstractBeanFactory.lambda$doGetBean$0(AbstractBeanFactory.java:339) ~[spring-beans-6.2.19.jar:6.2.19]
	at org.springframework.beans.factory.support.DefaultSingletonBeanRegistry.getSingleton(DefaultSingletonBeanRegistry.java:373) ~[spring-beans-6.2.19.jar:6.2.19]
	at org.springframework.beans.factory.support.AbstractBeanFactory.doGetBean(AbstractBeanFactory.java:337) ~[spring-beans-6.2.19.jar:6.2.19]
	at org.springframework.beans.factory.support.AbstractBeanFactory.getBean(AbstractBeanFactory.java:202) ~[spring-beans-6.2.19.jar:6.2.19]
	at org.springframework.beans.factory.support.DefaultListableBeanFactory.doResolveDependency(DefaultListableBeanFactory.java:1715) ~[spring-beans-6.2.19.jar:6.2.19]
	at org.springframework.beans.factory.support.DefaultListableBeanFactory.resolveDependency(DefaultListableBeanFactory.java:1660) ~[spring-beans-6.2.19.jar:6.2.19]
	at org.springframework.beans.factory.support.ConstructorResolver.resolveAutowiredArgument(ConstructorResolver.java:913) ~[spring-beans-6.2.19.jar:6.2.19]
	at org.springframework.beans.factory.support.ConstructorResolver.createArgumentArray(ConstructorResolver.java:791) ~[spring-beans-6.2.19.jar:6.2.19]
	... 57 common frames omitted
Caused by: org.springframework.util.PlaceholderResolutionException: Could not resolve placeholder 'app.jwt.secret' in value "${app.jwt.secret}"
	at org.springframework.util.PlaceholderResolutionException.withValue(PlaceholderResolutionException.java:81) ~[spring-core-6.2.19.jar:6.2.19]
	at org.springframework.util.PlaceholderParser$ParsedValue.resolve(PlaceholderParser.java:298) ~[spring-core-6.2.19.jar:6.2.19]
	at org.springframework.util.PlaceholderParser.replacePlaceholders(PlaceholderParser.java:131) ~[spring-core-6.2.19.jar:6.2.19]
	at org.springframework.util.PropertyPlaceholderHelper.replacePlaceholders(PropertyPlaceholderHelper.java:114) ~[spring-core-6.2.19.jar:6.2.19]
	at org.springframework.core.env.AbstractPropertyResolver.doResolvePlaceholders(AbstractPropertyResolver.java:293) ~[spring-core-6.2.19.jar:6.2.19]
	at org.springframework.core.env.AbstractPropertyResolver.resolveRequiredPlaceholders(AbstractPropertyResolver.java:264) ~[spring-core-6.2.19.jar:6.2.19]
	at org.springframework.context.support.PropertySourcesPlaceholderConfigurer.lambda$processProperties$0(PropertySourcesPlaceholderConfigurer.java:186) ~[spring-context-6.2.19.jar:6.2.19]
	at org.springframework.beans.factory.support.AbstractBeanFactory.resolveEmbeddedValue(AbstractBeanFactory.java:970) ~[spring-beans-6.2.19.jar:6.2.19]
	at org.springframework.beans.factory.support.DefaultListableBeanFactory.doResolveDependency(DefaultListableBeanFactory.java:1682) ~[spring-beans-6.2.19.jar:6.2.19]
	at org.springframework.beans.factory.support.DefaultListableBeanFactory.resolveDependency(DefaultListableBeanFactory.java:1660) ~[spring-beans-6.2.19.jar:6.2.19]
	at org.springframework.beans.factory.support.ConstructorResolver.resolveAutowiredArgument(ConstructorResolver.java:913) ~[spring-beans-6.2.19.jar:6.2.19]
	at org.springframework.beans.factory.support.ConstructorResolver.createArgumentArray(ConstructorResolver.java:791) ~[spring-beans-6.2.19.jar:6.2.19]
	at org.springframework.beans.factory.support.ConstructorResolver.autowireConstructor(ConstructorResolver.java:240) ~[spring-beans-6.2.19.jar:6.2.19]
	at org.springframework.beans.factory.support.AbstractAutowireCapableBeanFactory.autowireConstructor(AbstractAutowireCapableBeanFactory.java:1393) ~[spring-beans-6.2.19.jar:6.2.19]
	at org.springframework.beans.factory.support.AbstractAutowireCapableBeanFactory.createBeanInstance(AbstractAutowireCapableBeanFactory.java:1230) ~[spring-beans-6.2.19.jar:6.2.19]
	at org.springframework.beans.factory.support.AbstractAutowireCapableBeanFactory.doCreateBean(AbstractAutowireCapableBeanFactory.java:569) ~[spring-beans-6.2.19.jar:6.2.19]
	at org.springframework.beans.factory.support.AbstractAutowireCapableBeanFactory.createBean(AbstractAutowireCapableBeanFactory.java:529) ~[spring-beans-6.2.19.jar:6.2.19]
	... 65 common frames omitted


  .   ____          _            __ _ _
 /\\ / ___'_ __ _ _(_)_ __  __ _ \ \ \ \
( ( )\___ | '_ | '_| | '_ \/ _` | \ \ \ \
 \\/  ___)| |_)| | | | | || (_| |  ) ) ) )
  '  |____| .__|_| |_|_| |_\__, | / / / /
 =========|_|==============|___/=/_/_/_/

 :: Spring Boot ::               (v3.5.16)

2026-07-23T11:33:03.076+05:30  INFO 31871 --- [evaap-backend] [  restartedMain] com.evaap.EvaapBackendApplication        : Starting EvaapBackendApplication using Java 21.0.2 with PID 31871 (/Users/nidhisshetty/Desktop/evaap-project/backend/target/classes started by nidhisshetty in /Users/nidhisshetty/Desktop/evaap-project/backend)
2026-07-23T11:33:03.076+05:30  INFO 31871 --- [evaap-backend] [  restartedMain] com.evaap.EvaapBackendApplication        : No active profile set, falling back to 1 default profile: "default"
2026-07-23T11:33:03.206+05:30  INFO 31871 --- [evaap-backend] [  restartedMain] .s.d.r.c.RepositoryConfigurationDelegate : Bootstrapping Spring Data JPA repositories in DEFAULT mode.
2026-07-23T11:33:03.213+05:30  INFO 31871 --- [evaap-backend] [  restartedMain] .s.d.r.c.RepositoryConfigurationDelegate : Finished Spring Data repository scanning in 7 ms. Found 6 JPA repository interfaces.
2026-07-23T11:33:03.271+05:30  INFO 31871 --- [evaap-backend] [  restartedMain] o.s.b.w.embedded.tomcat.TomcatWebServer  : Tomcat initialized with port 8080 (http)
2026-07-23T11:33:03.272+05:30  INFO 31871 --- [evaap-backend] [  restartedMain] o.apache.catalina.core.StandardService   : Starting service [Tomcat]
2026-07-23T11:33:03.272+05:30  INFO 31871 --- [evaap-backend] [  restartedMain] o.apache.catalina.core.StandardEngine    : Starting Servlet engine: [Apache Tomcat/10.1.55]
2026-07-23T11:33:03.277+05:30  INFO 31871 --- [evaap-backend] [  restartedMain] o.a.c.c.C.[Tomcat-4].[localhost].[/]     : Initializing Spring embedded WebApplicationContext
2026-07-23T11:33:03.277+05:30  INFO 31871 --- [evaap-backend] [  restartedMain] w.s.c.ServletWebServerApplicationContext : Root WebApplicationContext: initialization completed in 200 ms
2026-07-23T11:33:03.280+05:30 ERROR 31871 --- [evaap-backend] [  restartedMain] o.s.b.web.embedded.tomcat.TomcatStarter  : Error starting Tomcat context. Exception: org.springframework.beans.factory.UnsatisfiedDependencyException. Message: Error creating bean with name 'jwtAuthenticationFilter' defined in file [/Users/nidhisshetty/Desktop/evaap-project/backend/target/classes/com/evaap/security/JwtAuthenticationFilter.class]: Unsatisfied dependency expressed through constructor parameter 0: Error creating bean with name 'jwtTokenProvider' defined in file [/Users/nidhisshetty/Desktop/evaap-project/backend/target/classes/com/evaap/security/JwtTokenProvider.class]: Unexpected exception during bean creation
2026-07-23T11:33:03.281+05:30  INFO 31871 --- [evaap-backend] [  restartedMain] o.apache.catalina.core.StandardService   : Stopping service [Tomcat]
2026-07-23T11:33:03.282+05:30  WARN 31871 --- [evaap-backend] [  restartedMain] ConfigServletWebServerApplicationContext : Exception encountered during context initialization - cancelling refresh attempt: org.springframework.context.ApplicationContextException: Unable to start web server
2026-07-23T11:33:03.284+05:30  INFO 31871 --- [evaap-backend] [  restartedMain] .s.b.a.l.ConditionEvaluationReportLogger : 

Error starting ApplicationContext. To display the condition evaluation report re-run your application with 'debug' enabled.
2026-07-23T11:33:03.285+05:30 ERROR 31871 --- [evaap-backend] [  restartedMain] o.s.boot.SpringApplication               : Application run failed

org.springframework.context.ApplicationContextException: Unable to start web server
	at org.springframework.boot.web.servlet.context.ServletWebServerApplicationContext.onRefresh(ServletWebServerApplicationContext.java:170) ~[spring-boot-3.5.16.jar:3.5.16]
	at org.springframework.context.support.AbstractApplicationContext.refresh(AbstractApplicationContext.java:622) ~[spring-context-6.2.19.jar:6.2.19]
	at org.springframework.boot.web.servlet.context.ServletWebServerApplicationContext.refresh(ServletWebServerApplicationContext.java:146) ~[spring-boot-3.5.16.jar:3.5.16]
	at org.springframework.boot.SpringApplication.refresh(SpringApplication.java:752) ~[spring-boot-3.5.16.jar:3.5.16]
	at org.springframework.boot.SpringApplication.refreshContext(SpringApplication.java:439) ~[spring-boot-3.5.16.jar:3.5.16]
	at org.springframework.boot.SpringApplication.run(SpringApplication.java:318) ~[spring-boot-3.5.16.jar:3.5.16]
	at org.springframework.boot.SpringApplication.run(SpringApplication.java:1361) ~[spring-boot-3.5.16.jar:3.5.16]
	at org.springframework.boot.SpringApplication.run(SpringApplication.java:1350) ~[spring-boot-3.5.16.jar:3.5.16]
	at com.evaap.EvaapBackendApplication.main(EvaapBackendApplication.java:9) ~[classes/:na]
	at java.base/jdk.internal.reflect.DirectMethodHandleAccessor.invoke(DirectMethodHandleAccessor.java:103) ~[na:na]
	at java.base/java.lang.reflect.Method.invoke(Method.java:580) ~[na:na]
	at org.springframework.boot.devtools.restart.RestartLauncher.run(RestartLauncher.java:50) ~[spring-boot-devtools-3.5.16.jar:3.5.16]
Caused by: org.springframework.boot.web.server.WebServerException: Unable to start embedded Tomcat
	at org.springframework.boot.web.embedded.tomcat.TomcatWebServer.initialize(TomcatWebServer.java:147) ~[spring-boot-3.5.16.jar:3.5.16]
	at org.springframework.boot.web.embedded.tomcat.TomcatWebServer.<init>(TomcatWebServer.java:107) ~[spring-boot-3.5.16.jar:3.5.16]
	at org.springframework.boot.web.embedded.tomcat.TomcatServletWebServerFactory.getTomcatWebServer(TomcatServletWebServerFactory.java:517) ~[spring-boot-3.5.16.jar:3.5.16]
	at org.springframework.boot.web.embedded.tomcat.TomcatServletWebServerFactory.getWebServer(TomcatServletWebServerFactory.java:219) ~[spring-boot-3.5.16.jar:3.5.16]
	at org.springframework.boot.web.servlet.context.ServletWebServerApplicationContext.createWebServer(ServletWebServerApplicationContext.java:193) ~[spring-boot-3.5.16.jar:3.5.16]
	at org.springframework.boot.web.servlet.context.ServletWebServerApplicationContext.onRefresh(ServletWebServerApplicationContext.java:167) ~[spring-boot-3.5.16.jar:3.5.16]
	... 11 common frames omitted
Caused by: org.springframework.beans.factory.UnsatisfiedDependencyException: Error creating bean with name 'jwtAuthenticationFilter' defined in file [/Users/nidhisshetty/Desktop/evaap-project/backend/target/classes/com/evaap/security/JwtAuthenticationFilter.class]: Unsatisfied dependency expressed through constructor parameter 0: Error creating bean with name 'jwtTokenProvider' defined in file [/Users/nidhisshetty/Desktop/evaap-project/backend/target/classes/com/evaap/security/JwtTokenProvider.class]: Unexpected exception during bean creation
	at org.springframework.beans.factory.support.ConstructorResolver.createArgumentArray(ConstructorResolver.java:804) ~[spring-beans-6.2.19.jar:6.2.19]
	at org.springframework.beans.factory.support.ConstructorResolver.autowireConstructor(ConstructorResolver.java:240) ~[spring-beans-6.2.19.jar:6.2.19]
	at org.springframework.beans.factory.support.AbstractAutowireCapableBeanFactory.autowireConstructor(AbstractAutowireCapableBeanFactory.java:1393) ~[spring-beans-6.2.19.jar:6.2.19]
	at org.springframework.beans.factory.support.AbstractAutowireCapableBeanFactory.createBeanInstance(AbstractAutowireCapableBeanFactory.java:1230) ~[spring-beans-6.2.19.jar:6.2.19]
	at org.springframework.beans.factory.support.AbstractAutowireCapableBeanFactory.doCreateBean(AbstractAutowireCapableBeanFactory.java:569) ~[spring-beans-6.2.19.jar:6.2.19]
	at org.springframework.beans.factory.support.AbstractAutowireCapableBeanFactory.createBean(AbstractAutowireCapableBeanFactory.java:529) ~[spring-beans-6.2.19.jar:6.2.19]
	at org.springframework.beans.factory.support.AbstractBeanFactory.lambda$doGetBean$0(AbstractBeanFactory.java:339) ~[spring-beans-6.2.19.jar:6.2.19]
	at org.springframework.beans.factory.support.DefaultSingletonBeanRegistry.getSingleton(DefaultSingletonBeanRegistry.java:373) ~[spring-beans-6.2.19.jar:6.2.19]
	at org.springframework.beans.factory.support.AbstractBeanFactory.doGetBean(AbstractBeanFactory.java:337) ~[spring-beans-6.2.19.jar:6.2.19]
	at org.springframework.beans.factory.support.AbstractBeanFactory.getBean(AbstractBeanFactory.java:207) ~[spring-beans-6.2.19.jar:6.2.19]
	at org.springframework.boot.web.servlet.ServletContextInitializerBeans.getOrderedBeansOfType(ServletContextInitializerBeans.java:230) ~[spring-boot-3.5.16.jar:3.5.16]
	at org.springframework.boot.web.servlet.ServletContextInitializerBeans.addAsRegistrationBean(ServletContextInitializerBeans.java:184) ~[spring-boot-3.5.16.jar:3.5.16]
	at org.springframework.boot.web.servlet.ServletContextInitializerBeans.addAsRegistrationBean(ServletContextInitializerBeans.java:179) ~[spring-boot-3.5.16.jar:3.5.16]
	at org.springframework.boot.web.servlet.ServletContextInitializerBeans.addAdaptableBeans(ServletContextInitializerBeans.java:164) ~[spring-boot-3.5.16.jar:3.5.16]
	at org.springframework.boot.web.servlet.ServletContextInitializerBeans.<init>(ServletContextInitializerBeans.java:96) ~[spring-boot-3.5.16.jar:3.5.16]
	at org.springframework.boot.web.servlet.context.ServletWebServerApplicationContext.getServletContextInitializerBeans(ServletWebServerApplicationContext.java:271) ~[spring-boot-3.5.16.jar:3.5.16]
	at org.springframework.boot.web.servlet.context.ServletWebServerApplicationContext.selfInitialize(ServletWebServerApplicationContext.java:245) ~[spring-boot-3.5.16.jar:3.5.16]
	at org.springframework.boot.web.embedded.tomcat.TomcatStarter.onStartup(TomcatStarter.java:52) ~[spring-boot-3.5.16.jar:3.5.16]
	at org.apache.catalina.core.StandardContext.startInternal(StandardContext.java:4456) ~[tomcat-embed-core-10.1.55.jar:10.1.55]
	at org.apache.catalina.util.LifecycleBase.start(LifecycleBase.java:164) ~[tomcat-embed-core-10.1.55.jar:10.1.55]
	at org.apache.catalina.core.ContainerBase$StartChild.call(ContainerBase.java:1201) ~[tomcat-embed-core-10.1.55.jar:10.1.55]
	at org.apache.catalina.core.ContainerBase$StartChild.call(ContainerBase.java:1191) ~[tomcat-embed-core-10.1.55.jar:10.1.55]
	at java.base/java.util.concurrent.FutureTask.run(FutureTask.java:317) ~[na:na]
	at org.apache.tomcat.util.threads.InlineExecutorService.execute(InlineExecutorService.java:81) ~[tomcat-embed-core-10.1.55.jar:10.1.55]
	at java.base/java.util.concurrent.AbstractExecutorService.submit(AbstractExecutorService.java:145) ~[na:na]
	at org.apache.catalina.core.ContainerBase.startInternal(ContainerBase.java:747) ~[tomcat-embed-core-10.1.55.jar:10.1.55]
	at org.apache.catalina.core.StandardHost.startInternal(StandardHost.java:783) ~[tomcat-embed-core-10.1.55.jar:10.1.55]
	at org.apache.catalina.util.LifecycleBase.start(LifecycleBase.java:164) ~[tomcat-embed-core-10.1.55.jar:10.1.55]
	at org.apache.catalina.core.ContainerBase$StartChild.call(ContainerBase.java:1201) ~[tomcat-embed-core-10.1.55.jar:10.1.55]
	at org.apache.catalina.core.ContainerBase$StartChild.call(ContainerBase.java:1191) ~[tomcat-embed-core-10.1.55.jar:10.1.55]
	at java.base/java.util.concurrent.FutureTask.run(FutureTask.java:317) ~[na:na]
	at org.apache.tomcat.util.threads.InlineExecutorService.execute(InlineExecutorService.java:81) ~[tomcat-embed-core-10.1.55.jar:10.1.55]
	at java.base/java.util.concurrent.AbstractExecutorService.submit(AbstractExecutorService.java:145) ~[na:na]
	at org.apache.catalina.core.ContainerBase.startInternal(ContainerBase.java:747) ~[tomcat-embed-core-10.1.55.jar:10.1.55]
	at org.apache.catalina.core.StandardEngine.startInternal(StandardEngine.java:201) ~[tomcat-embed-core-10.1.55.jar:10.1.55]
	at org.apache.catalina.util.LifecycleBase.start(LifecycleBase.java:164) ~[tomcat-embed-core-10.1.55.jar:10.1.55]
	at org.apache.catalina.core.StandardService.startInternal(StandardService.java:410) ~[tomcat-embed-core-10.1.55.jar:10.1.55]
	at org.apache.catalina.util.LifecycleBase.start(LifecycleBase.java:164) ~[tomcat-embed-core-10.1.55.jar:10.1.55]
	at org.apache.catalina.core.StandardServer.startInternal(StandardServer.java:868) ~[tomcat-embed-core-10.1.55.jar:10.1.55]
	at org.apache.catalina.util.LifecycleBase.start(LifecycleBase.java:164) ~[tomcat-embed-core-10.1.55.jar:10.1.55]
	at org.apache.catalina.startup.Tomcat.start(Tomcat.java:436) ~[tomcat-embed-core-10.1.55.jar:10.1.55]
	at org.springframework.boot.web.embedded.tomcat.TomcatWebServer.initialize(TomcatWebServer.java:128) ~[spring-boot-3.5.16.jar:3.5.16]
	... 16 common frames omitted
Caused by: org.springframework.beans.factory.BeanCreationException: Error creating bean with name 'jwtTokenProvider' defined in file [/Users/nidhisshetty/Desktop/evaap-project/backend/target/classes/com/evaap/security/JwtTokenProvider.class]: Unexpected exception during bean creation
	at org.springframework.beans.factory.support.AbstractAutowireCapableBeanFactory.createBean(AbstractAutowireCapableBeanFactory.java:542) ~[spring-beans-6.2.19.jar:6.2.19]
	at org.springframework.beans.factory.support.AbstractBeanFactory.lambda$doGetBean$0(AbstractBeanFactory.java:339) ~[spring-beans-6.2.19.jar:6.2.19]
	at org.springframework.beans.factory.support.DefaultSingletonBeanRegistry.getSingleton(DefaultSingletonBeanRegistry.java:373) ~[spring-beans-6.2.19.jar:6.2.19]
	at org.springframework.beans.factory.support.AbstractBeanFactory.doGetBean(AbstractBeanFactory.java:337) ~[spring-beans-6.2.19.jar:6.2.19]
	at org.springframework.beans.factory.support.AbstractBeanFactory.getBean(AbstractBeanFactory.java:202) ~[spring-beans-6.2.19.jar:6.2.19]
	at org.springframework.beans.factory.support.DefaultListableBeanFactory.doResolveDependency(DefaultListableBeanFactory.java:1715) ~[spring-beans-6.2.19.jar:6.2.19]
	at org.springframework.beans.factory.support.DefaultListableBeanFactory.resolveDependency(DefaultListableBeanFactory.java:1660) ~[spring-beans-6.2.19.jar:6.2.19]
	at org.springframework.beans.factory.support.ConstructorResolver.resolveAutowiredArgument(ConstructorResolver.java:913) ~[spring-beans-6.2.19.jar:6.2.19]
	at org.springframework.beans.factory.support.ConstructorResolver.createArgumentArray(ConstructorResolver.java:791) ~[spring-beans-6.2.19.jar:6.2.19]
	... 57 common frames omitted
Caused by: org.springframework.util.PlaceholderResolutionException: Could not resolve placeholder 'app.jwt.secret' in value "${app.jwt.secret}"
	at org.springframework.util.PlaceholderResolutionException.withValue(PlaceholderResolutionException.java:81) ~[spring-core-6.2.19.jar:6.2.19]
	at org.springframework.util.PlaceholderParser$ParsedValue.resolve(PlaceholderParser.java:298) ~[spring-core-6.2.19.jar:6.2.19]
	at org.springframework.util.PlaceholderParser.replacePlaceholders(PlaceholderParser.java:131) ~[spring-core-6.2.19.jar:6.2.19]
	at org.springframework.util.PropertyPlaceholderHelper.replacePlaceholders(PropertyPlaceholderHelper.java:114) ~[spring-core-6.2.19.jar:6.2.19]
	at org.springframework.core.env.AbstractPropertyResolver.doResolvePlaceholders(AbstractPropertyResolver.java:293) ~[spring-core-6.2.19.jar:6.2.19]
	at org.springframework.core.env.AbstractPropertyResolver.resolveRequiredPlaceholders(AbstractPropertyResolver.java:264) ~[spring-core-6.2.19.jar:6.2.19]
	at org.springframework.context.support.PropertySourcesPlaceholderConfigurer.lambda$processProperties$0(PropertySourcesPlaceholderConfigurer.java:186) ~[spring-context-6.2.19.jar:6.2.19]
	at org.springframework.beans.factory.support.AbstractBeanFactory.resolveEmbeddedValue(AbstractBeanFactory.java:970) ~[spring-beans-6.2.19.jar:6.2.19]
	at org.springframework.beans.factory.support.DefaultListableBeanFactory.doResolveDependency(DefaultListableBeanFactory.java:1682) ~[spring-beans-6.2.19.jar:6.2.19]
	at org.springframework.beans.factory.support.DefaultListableBeanFactory.resolveDependency(DefaultListableBeanFactory.java:1660) ~[spring-beans-6.2.19.jar:6.2.19]
	at org.springframework.beans.factory.support.ConstructorResolver.resolveAutowiredArgument(ConstructorResolver.java:913) ~[spring-beans-6.2.19.jar:6.2.19]
	at org.springframework.beans.factory.support.ConstructorResolver.createArgumentArray(ConstructorResolver.java:791) ~[spring-beans-6.2.19.jar:6.2.19]
	at org.springframework.beans.factory.support.ConstructorResolver.autowireConstructor(ConstructorResolver.java:240) ~[spring-beans-6.2.19.jar:6.2.19]
	at org.springframework.beans.factory.support.AbstractAutowireCapableBeanFactory.autowireConstructor(AbstractAutowireCapableBeanFactory.java:1393) ~[spring-beans-6.2.19.jar:6.2.19]
	at org.springframework.beans.factory.support.AbstractAutowireCapableBeanFactory.createBeanInstance(AbstractAutowireCapableBeanFactory.java:1230) ~[spring-beans-6.2.19.jar:6.2.19]
	at org.springframework.beans.factory.support.AbstractAutowireCapableBeanFactory.doCreateBean(AbstractAutowireCapableBeanFactory.java:569) ~[spring-beans-6.2.19.jar:6.2.19]
	at org.springframework.beans.factory.support.AbstractAutowireCapableBeanFactory.createBean(AbstractAutowireCapableBeanFactory.java:529) ~[spring-beans-6.2.19.jar:6.2.19]
	... 65 common frames omitted


  .   ____          _            __ _ _
 /\\ / ___'_ __ _ _(_)_ __  __ _ \ \ \ \
( ( )\___ | '_ | '_| | '_ \/ _` | \ \ \ \
 \\/  ___)| |_)| | | | | || (_| |  ) ) ) )
  '  |____| .__|_| |_|_| |_\__, | / / / /
 =========|_|==============|___/=/_/_/_/

 :: Spring Boot ::               (v3.5.16)

2026-07-23T11:33:04.735+05:30  INFO 31871 --- [evaap-backend] [  restartedMain] com.evaap.EvaapBackendApplication        : Starting EvaapBackendApplication using Java 21.0.2 with PID 31871 (/Users/nidhisshetty/Desktop/evaap-project/backend/target/classes started by nidhisshetty in /Users/nidhisshetty/Desktop/evaap-project/backend)
2026-07-23T11:33:04.735+05:30  INFO 31871 --- [evaap-backend] [  restartedMain] com.evaap.EvaapBackendApplication        : The following 1 profile is active: "dev"
2026-07-23T11:33:04.827+05:30  INFO 31871 --- [evaap-backend] [  restartedMain] .s.d.r.c.RepositoryConfigurationDelegate : Bootstrapping Spring Data JPA repositories in DEFAULT mode.
2026-07-23T11:33:04.834+05:30  INFO 31871 --- [evaap-backend] [  restartedMain] .s.d.r.c.RepositoryConfigurationDelegate : Finished Spring Data repository scanning in 6 ms. Found 6 JPA repository interfaces.
2026-07-23T11:33:04.879+05:30  INFO 31871 --- [evaap-backend] [  restartedMain] o.s.b.w.embedded.tomcat.TomcatWebServer  : Tomcat initialized with port 8080 (http)
2026-07-23T11:33:04.879+05:30  INFO 31871 --- [evaap-backend] [  restartedMain] o.apache.catalina.core.StandardService   : Starting service [Tomcat]
2026-07-23T11:33:04.879+05:30  INFO 31871 --- [evaap-backend] [  restartedMain] o.apache.catalina.core.StandardEngine    : Starting Servlet engine: [Apache Tomcat/10.1.55]
2026-07-23T11:33:04.884+05:30  INFO 31871 --- [evaap-backend] [  restartedMain] o.a.c.c.C.[Tomcat-5].[localhost].[/]     : Initializing Spring embedded WebApplicationContext
2026-07-23T11:33:04.884+05:30  INFO 31871 --- [evaap-backend] [  restartedMain] w.s.c.ServletWebServerApplicationContext : Root WebApplicationContext: initialization completed in 148 ms
2026-07-23T11:33:04.900+05:30  INFO 31871 --- [evaap-backend] [  restartedMain] o.hibernate.jpa.internal.util.LogHelper  : HHH000204: Processing PersistenceUnitInfo [name: default]
2026-07-23T11:33:04.901+05:30  INFO 31871 --- [evaap-backend] [  restartedMain] o.h.c.internal.RegionFactoryInitiator    : HHH000026: Second-level cache disabled
2026-07-23T11:33:04.905+05:30  INFO 31871 --- [evaap-backend] [  restartedMain] o.s.o.j.p.SpringPersistenceUnitInfo      : No LoadTimeWeaver setup: ignoring JPA class transformer
2026-07-23T11:33:04.906+05:30  INFO 31871 --- [evaap-backend] [  restartedMain] com.zaxxer.hikari.HikariDataSource       : HikariPool-5 - Starting...
2026-07-23T11:33:05.012+05:30  INFO 31871 --- [evaap-backend] [  restartedMain] com.zaxxer.hikari.pool.HikariPool        : HikariPool-5 - Added connection com.mysql.cj.jdbc.ConnectionImpl@2f087e8a
2026-07-23T11:33:05.013+05:30  INFO 31871 --- [evaap-backend] [  restartedMain] com.zaxxer.hikari.HikariDataSource       : HikariPool-5 - Start completed.
2026-07-23T11:33:05.015+05:30  INFO 31871 --- [evaap-backend] [  restartedMain] org.hibernate.orm.connections.pooling    : HHH10001005: Database info:
	Database JDBC URL [Connecting through datasource 'HikariDataSource (HikariPool-5)']
	Database driver: undefined/unknown
	Database version: 12.3.2
	Autocommit mode: undefined/unknown
	Isolation level: undefined/unknown
	Minimum pool size: undefined/unknown
	Maximum pool size: undefined/unknown
2026-07-23T11:33:05.130+05:30  INFO 31871 --- [evaap-backend] [  restartedMain] o.h.e.t.j.p.i.JtaPlatformInitiator       : HHH000489: No JTA platform available (set 'hibernate.transaction.jta.platform' to enable JTA platform integration)
Hibernate: 
    alter table documents 
       modify column storage_provider enum ('AWS_S3','LOCAL')
Hibernate: 
    alter table documents 
       modify column verification_status enum ('APPROVED','PENDING','REJECTED')
Hibernate: 
    alter table users 
       modify column account_status enum ('ACTIVE','DEACTIVATED','PENDING','SUSPENDED')
Hibernate: 
    alter table users 
       modify column public_id CHAR(36) not null
Hibernate: 
    alter table verification_requests 
       modify column status enum ('APPROVED','PENDING','REJECTED','UNDER_REVIEW')
2026-07-23T11:33:05.800+05:30  INFO 31871 --- [evaap-backend] [  restartedMain] j.LocalContainerEntityManagerFactoryBean : Initialized JPA EntityManagerFactory for persistence unit 'default'
2026-07-23T11:33:05.986+05:30  WARN 31871 --- [evaap-backend] [  restartedMain] JpaBaseConfiguration$JpaWebConfiguration : spring.jpa.open-in-view is enabled by default. Therefore, database queries may be performed during view rendering. Explicitly configure spring.jpa.open-in-view to disable this warning
2026-07-23T11:33:06.031+05:30  INFO 31871 --- [evaap-backend] [  restartedMain] eAuthenticationProviderManagerConfigurer : Global AuthenticationManager configured with AuthenticationProvider bean with name authenticationProvider
2026-07-23T11:33:06.031+05:30  WARN 31871 --- [evaap-backend] [  restartedMain] r$InitializeUserDetailsManagerConfigurer : Global AuthenticationManager configured with an AuthenticationProvider bean. UserDetailsService beans will not be used by Spring Security for automatically configuring username/password login. Consider removing the AuthenticationProvider bean. Alternatively, consider using the UserDetailsService in a manually instantiated DaoAuthenticationProvider. If the current configuration is intentional, to turn off this warning, increase the logging level of 'org.springframework.security.config.annotation.authentication.configuration.InitializeUserDetailsBeanManagerConfigurer' to ERROR
2026-07-23T11:33:06.105+05:30  INFO 31871 --- [evaap-backend] [  restartedMain] o.s.b.d.a.OptionalLiveReloadServer       : LiveReload server is running on port 35729
2026-07-23T11:33:06.111+05:30  INFO 31871 --- [evaap-backend] [  restartedMain] o.s.b.w.embedded.tomcat.TomcatWebServer  : Tomcat started on port 8080 (http) with context path '/'
2026-07-23T11:33:06.114+05:30  INFO 31871 --- [evaap-backend] [  restartedMain] com.evaap.EvaapBackendApplication        : Started EvaapBackendApplication in 1.401 seconds (process running for 6750.864)
2026-07-23T11:33:06.115+05:30  INFO 31871 --- [evaap-backend] [  restartedMain] .ConditionEvaluationDeltaLoggingListener : Condition evaluation unchanged
2026-07-23T11:38:39.378+05:30  INFO 31871 --- [evaap-backend] [nio-8080-exec-1] o.a.c.c.C.[Tomcat-5].[localhost].[/]     : Initializing Spring DispatcherServlet 'dispatcherServlet'
2026-07-23T11:38:39.380+05:30  INFO 31871 --- [evaap-backend] [nio-8080-exec-1] o.s.web.servlet.DispatcherServlet        : Initializing Servlet 'dispatcherServlet'
2026-07-23T11:38:39.396+05:30  INFO 31871 --- [evaap-backend] [nio-8080-exec-1] o.s.web.servlet.DispatcherServlet        : Completed initialization in 16 ms
Hibernate: 
    select
        u1_0.id 
    from
        users u1_0 
    where
        u1_0.email=? 
    limit
        ?
Hibernate: 
    select
        p1_0.id 
    from
        profiles p1_0 
    where
        p1_0.phone_number=? 
    limit
        ?
Hibernate: 
    select
        r1_0.id,
        r1_0.created_at,
        r1_0.description,
        r1_0.role_name 
    from
        roles r1_0 
    where
        r1_0.role_name=?
Hibernate: 
    insert 
    into
        users
        (account_status, created_by, deleted_at, email, email_verified_at, is_active, last_login_at, password_hash, password_updated_at, public_id, role_id) 
    values
        (?, ?, ?, ?, ?, ?, ?, ?, ?, ?, ?)
Hibernate: 
    insert 
    into
        profiles
        (address_line_1, address_line_2, bio, city, date_of_birth, first_name, last_name, middle_name, phone_number, pincode, profession, profile_completion_percentage, profile_picture, state, user_id) 
    values
        (?, ?, ?, ?, ?, ?, ?, ?, ?, ?, ?, ?, ?, ?, ?)
Hibernate: 
    insert 
    into
        refresh_tokens
        (expires_at, revoked, token_hash, user_id) 
    values
        (?, ?, ?, ?)
Hibernate: 
    select
        u1_0.id,
        u1_0.account_status,
        u1_0.created_at,
        u1_0.created_by,
        u1_0.deleted_at,
        u1_0.email,
        u1_0.email_verified_at,
        u1_0.is_active,
        u1_0.last_login_at,
        u1_0.password_hash,
        u1_0.password_updated_at,
        u1_0.public_id,
        u1_0.role_id,
        u1_0.updated_at 
    from
        users u1_0 
    where
        u1_0.email=?
Hibernate: 
    update
        users 
    set
        account_status=?,
        created_by=?,
        deleted_at=?,
        email=?,
        email_verified_at=?,
        is_active=?,
        last_login_at=?,
        password_hash=?,
        password_updated_at=?,
        public_id=?,
        role_id=?,
        updated_at=? 
    where
        id=?
Hibernate: 
    select
        p1_0.id,
        p1_0.address_line_1,
        p1_0.address_line_2,
        p1_0.bio,
        p1_0.city,
        p1_0.created_at,
        p1_0.date_of_birth,
        p1_0.first_name,
        p1_0.last_name,
        p1_0.middle_name,
        p1_0.phone_number,
        p1_0.pincode,
        p1_0.profession,
        p1_0.profile_completion_percentage,
        p1_0.profile_picture,
        p1_0.state,
        p1_0.updated_at,
        p1_0.user_id 
    from
        profiles p1_0 
    left join
        users u1_0 
            on u1_0.id=p1_0.user_id 
    where
        u1_0.id=?
Hibernate: 
    select
        r1_0.id,
        r1_0.created_at,
        r1_0.description,
        r1_0.role_name 
    from
        roles r1_0 
    where
        r1_0.id=?
Hibernate: 
    insert 
    into
        refresh_tokens
        (expires_at, revoked, token_hash, user_id) 
    values
        (?, ?, ?, ?)
Hibernate: 
    select
        u1_0.id,
        u1_0.account_status,
        u1_0.created_at,
        u1_0.created_by,
        u1_0.deleted_at,
        u1_0.email,
        u1_0.email_verified_at,
        u1_0.is_active,
        u1_0.last_login_at,
        u1_0.password_hash,
        u1_0.password_updated_at,
        u1_0.public_id,
        u1_0.role_id,
        u1_0.updated_at 
    from
        users u1_0 
    where
        u1_0.email=?
Hibernate: 
    update
        users 
    set
        account_status=?,
        created_by=?,
        deleted_at=?,
        email=?,
        email_verified_at=?,
        is_active=?,
        last_login_at=?,
        password_hash=?,
        password_updated_at=?,
        public_id=?,
        role_id=?,
        updated_at=? 
    where
        id=?
Hibernate: 
    select
        p1_0.id,
        p1_0.address_line_1,
        p1_0.address_line_2,
        p1_0.bio,
        p1_0.city,
        p1_0.created_at,
        p1_0.date_of_birth,
        p1_0.first_name,
        p1_0.last_name,
        p1_0.middle_name,
        p1_0.phone_number,
        p1_0.pincode,
        p1_0.profession,
        p1_0.profile_completion_percentage,
        p1_0.profile_picture,
        p1_0.state,
        p1_0.updated_at,
        p1_0.user_id 
    from
        profiles p1_0 
    left join
        users u1_0 
            on u1_0.id=p1_0.user_id 
    where
        u1_0.id=?
Hibernate: 
    select
        r1_0.id,
        r1_0.created_at,
        r1_0.description,
        r1_0.role_name 
    from
        roles r1_0 
    where
        r1_0.id=?
Hibernate: 
    insert 
    into
        refresh_tokens
        (expires_at, revoked, token_hash, user_id) 
    values
        (?, ?, ?, ?)
Hibernate: 
    select
        u1_0.id,
        u1_0.account_status,
        u1_0.created_at,
        u1_0.created_by,
        u1_0.deleted_at,
        u1_0.email,
        u1_0.email_verified_at,
        u1_0.is_active,
        u1_0.last_login_at,
        u1_0.password_hash,
        u1_0.password_updated_at,
        u1_0.public_id,
        u1_0.role_id,
        u1_0.updated_at 
    from
        users u1_0 
    where
        u1_0.email=?
Hibernate: 
    update
        users 
    set
        account_status=?,
        created_by=?,
        deleted_at=?,
        email=?,
        email_verified_at=?,
        is_active=?,
        last_login_at=?,
        password_hash=?,
        password_updated_at=?,
        public_id=?,
        role_id=?,
        updated_at=? 
    where
        id=?
Hibernate: 
    select
        p1_0.id,
        p1_0.address_line_1,
        p1_0.address_line_2,
        p1_0.bio,
        p1_0.city,
        p1_0.created_at,
        p1_0.date_of_birth,
        p1_0.first_name,
        p1_0.last_name,
        p1_0.middle_name,
        p1_0.phone_number,
        p1_0.pincode,
        p1_0.profession,
        p1_0.profile_completion_percentage,
        p1_0.profile_picture,
        p1_0.state,
        p1_0.updated_at,
        p1_0.user_id 
    from
        profiles p1_0 
    left join
        users u1_0 
            on u1_0.id=p1_0.user_id 
    where
        u1_0.id=?
Hibernate: 
    select
        r1_0.id,
        r1_0.created_at,
        r1_0.description,
        r1_0.role_name 
    from
        roles r1_0 
    where
        r1_0.id=?
Hibernate: 
    insert 
    into
        refresh_tokens
        (expires_at, revoked, token_hash, user_id) 
    values
        (?, ?, ?, ?)
Hibernate: 
    select
        u1_0.id,
        u1_0.account_status,
        u1_0.created_at,
        u1_0.created_by,
        u1_0.deleted_at,
        u1_0.email,
        u1_0.email_verified_at,
        u1_0.is_active,
        u1_0.last_login_at,
        u1_0.password_hash,
        u1_0.password_updated_at,
        u1_0.public_id,
        u1_0.role_id,
        u1_0.updated_at 
    from
        users u1_0 
    where
        u1_0.email=?
Hibernate: 
    select
        r1_0.id,
        r1_0.created_at,
        r1_0.description,
        r1_0.role_name 
    from
        roles r1_0 
    where
        r1_0.id=?
Hibernate: 
    select
        u1_0.id,
        u1_0.account_status,
        u1_0.created_at,
        u1_0.created_by,
        u1_0.deleted_at,
        u1_0.email,
        u1_0.email_verified_at,
        u1_0.is_active,
        u1_0.last_login_at,
        u1_0.password_hash,
        u1_0.password_updated_at,
        u1_0.public_id,
        u1_0.role_id,
        u1_0.updated_at 
    from
        users u1_0 
    where
        u1_0.id=?
Hibernate: 
    insert 
    into
        experience
        (company_name, currently_working, description, employment_type, end_date, job_title, start_date, user_id) 
    values
        (?, ?, ?, ?, ?, ?, ?, ?)
Hibernate: 
    select
        u1_0.id,
        u1_0.account_status,
        u1_0.created_at,
        u1_0.created_by,
        u1_0.deleted_at,
        u1_0.email,
        u1_0.email_verified_at,
        u1_0.is_active,
        u1_0.last_login_at,
        u1_0.password_hash,
        u1_0.password_updated_at,
        u1_0.public_id,
        u1_0.role_id,
        u1_0.updated_at 
    from
        users u1_0 
    where
        u1_0.email=?
Hibernate: 
    select
        r1_0.id,
        r1_0.created_at,
        r1_0.description,
        r1_0.role_name 
    from
        roles r1_0 
    where
        r1_0.id=?
Hibernate: 
    select
        e1_0.id,
        e1_0.company_name,
        e1_0.created_at,
        e1_0.currently_working,
        e1_0.description,
        e1_0.employment_type,
        e1_0.end_date,
        e1_0.job_title,
        e1_0.start_date,
        e1_0.user_id 
    from
        experience e1_0 
    left join
        users u1_0 
            on u1_0.id=e1_0.user_id 
    where
        u1_0.id=?
Hibernate: 
    select
        u1_0.id,
        u1_0.account_status,
        u1_0.created_at,
        u1_0.created_by,
        u1_0.deleted_at,
        u1_0.email,
        u1_0.email_verified_at,
        u1_0.is_active,
        u1_0.last_login_at,
        u1_0.password_hash,
        u1_0.password_updated_at,
        u1_0.public_id,
        u1_0.role_id,
        u1_0.updated_at 
    from
        users u1_0 
    where
        u1_0.email=?
Hibernate: 
    select
        r1_0.id,
        r1_0.created_at,
        r1_0.description,
        r1_0.role_name 
    from
        roles r1_0 
    where
        r1_0.id=?
Hibernate: 
    select
        e1_0.id,
        e1_0.company_name,
        e1_0.created_at,
        e1_0.currently_working,
        e1_0.description,
        e1_0.employment_type,
        e1_0.end_date,
        e1_0.job_title,
        e1_0.start_date,
        e1_0.user_id 
    from
        experience e1_0 
    left join
        users u1_0 
            on u1_0.id=e1_0.user_id 
    where
        e1_0.id=? 
        and u1_0.id=?
Hibernate: 
    update
        experience 
    set
        company_name=?,
        currently_working=?,
        description=?,
        employment_type=?,
        end_date=?,
        job_title=?,
        start_date=?,
        user_id=? 
    where
        id=?
Hibernate: 
    select
        u1_0.id,
        u1_0.account_status,
        u1_0.created_at,
        u1_0.created_by,
        u1_0.deleted_at,
        u1_0.email,
        u1_0.email_verified_at,
        u1_0.is_active,
        u1_0.last_login_at,
        u1_0.password_hash,
        u1_0.password_updated_at,
        u1_0.public_id,
        u1_0.role_id,
        u1_0.updated_at 
    from
        users u1_0 
    where
        u1_0.email=?
Hibernate: 
    select
        r1_0.id,
        r1_0.created_at,
        r1_0.description,
        r1_0.role_name 
    from
        roles r1_0 
    where
        r1_0.id=?
Hibernate: 
    select
        e1_0.id,
        e1_0.company_name,
        e1_0.created_at,
        e1_0.currently_working,
        e1_0.description,
        e1_0.employment_type,
        e1_0.end_date,
        e1_0.job_title,
        e1_0.start_date,
        e1_0.user_id 
    from
        experience e1_0 
    left join
        users u1_0 
            on u1_0.id=e1_0.user_id 
    where
        e1_0.id=? 
        and u1_0.id=?
Hibernate: 
    delete 
    from
        experience 
    where
        id=?
